{"stats":{"minecraft:used":{"minecraft:wooden_axe":2,"minecraft:stone_sword":29,"minecraft:stone_pickaxe":34,"minecraft:spruce_planks":25,"minecraft:chest":3,"minecraft:wooden_pickaxe":36,"minecraft:spruce_sapling":12,"minecraft:stone_axe":78,"minecraft:torch":2,"minecraft:dirt":1,"minecraft:cobblestone":15,"minecraft:crafting_table":5,"minecraft:furnace":4,"minecraft:white_bed":3},"minecraft:mined":{"minecraft:white_bed":3,"minecraft:furnace":2,"minecraft:fire":11,"minecraft:spruce_log":78,"minecraft:crafting_table":4,"minecraft:short_grass":2,"minecraft:grass_block":3,"minecraft:coal_ore":16,"minecraft:chest":1,"minecraft:dirt":3,"minecraft:cobblestone":2,"minecraft:spruce_leaves":39,"minecraft:stone":46,"minecraft:wall_torch":1},"minecraft:picked_up":{"minecraft:stick":9,"minecraft:crafting_table":4,"minecraft:brown_wool":1,"minecraft:torch":24,"minecraft:spruce_sapling":20,"minecraft:white_bed":3,"minecraft:spruce_log":88,"minecraft:dirt":11,"minecraft:stone_sword":1,"minecraft:stone_axe":1,"minecraft:wheat_seeds":2,"minecraft:stone_pickaxe":2,"minecraft:light_gray_wool":2,"minecraft:chest":1,"minecraft:mutton":23,"minecraft:coal":28,"minecraft:white_wool":12,"minecraft:cobblestone":57,"minecraft:furnace":2},"minecraft:crafted":{"minecraft:crafting_table":2,"minecraft:spruce_planks":84,"minecraft:stick":20,"minecraft:wooden_pickaxe":1,"minecraft:stone_pickaxe":1,"minecraft:wooden_axe":1,"minecraft:stone_sword":1,"minecraft:chest":2,"minecraft:furnace":2,"minecraft:white_bed":3,"minecraft:torch":24,"minecraft:stone_axe":1,"minecraft:air":0,"minecraft:cooked_mutton":20},"minecraft:killed":{"minecraft:sheep":13},"minecraft:custom":{"minecraft:time_since_rest":6782,"minecraft:interact_with_furnace":9,"minecraft:sprint_one_cm":45877,"minecraft:damage_taken":290,"minecraft:walk_one_cm":72288,"minecraft:mob_kills":13,"minecraft:drop":7,"minecraft:damage_dealt":1090,"minecraft:interact_with_crafting_table":8,"minecraft:fly_one_cm":31777,"minecraft:open_chest":3,"minecraft:crouch_one_cm":1348,"minecraft:play_time":27511,"minecraft:deaths":1,"minecraft:sneak_time":429,"minecraft:jump":332,"minecraft:leave_game":3,"minecraft:time_since_death":12378,"minecraft:sleep_in_bed":1,"minecraft:total_world_time":27511,"minecraft:fall_one_cm":6027},"minecraft:dropped":{"minecraft:wooden_axe":1,"minecraft:spruce_log":2,"minecraft:stone_pickaxe":1,"minecraft:wooden_pickaxe":1,"minecraft:spruce_sapling":2},"minecraft:killed_by":{"minecraft:zombie":1}},"DataVersion":3953}