{"stats":{"minecraft:custom":{"minecraft:mob_kills":88,"minecraft:interact_with_crafting_table":46,"minecraft:leave_game":34,"minecraft:time_since_death":257550,"minecraft:sprint_one_cm":713646,"minecraft:walk_one_cm":642978,"minecraft:damage_blocked_by_shield":3148,"minecraft:drop":26,"minecraft:play_time":272683,"minecraft:deaths":1,"minecraft:sneak_time":14403,"minecraft:walk_under_water_one_cm":30910,"minecraft:boat_one_cm":179498,"minecraft:jump":4684,"minecraft:walk_on_water_one_cm":41527,"minecraft:enchant_item":8,"minecraft:total_world_time":272683,"minecraft:interact_with_furnace":91,"minecraft:sleep_in_bed":7,"minecraft:time_since_rest":83539,"minecraft:damage_taken":3054,"minecraft:damage_dealt":12383,"minecraft:swim_one_cm":88354,"minecraft:fly_one_cm":656385,"minecraft:open_chest":54,"minecraft:crouch_one_cm":49635,"minecraft:fall_one_cm":86616},"minecraft:broken":{"minecraft:stone_sword":1,"minecraft:stone_pickaxe":2,"minecraft:iron_axe":1,"minecraft:iron_pickaxe":2},"minecraft:crafted":{"minecraft:stone_shovel":1,"minecraft:furnace":7,"minecraft:bookshelf":1,"minecraft:cooked_mutton":91,"minecraft:diamond_helmet":1,"minecraft:iron_boots":1,"minecraft:diamond_leggings":1,"minecraft:iron_axe":2,"minecraft:stone_pickaxe":3,"minecraft:chest":4,"minecraft:diamond_boots":1,"minecraft:spruce_boat":1,"minecraft:cooked_beef":4,"minecraft:crafting_table":3,"minecraft:spruce_planks":300,"minecraft:enchanting_table":1,"minecraft:wooden_pickaxe":1,"minecraft:iron_helmet":1,"minecraft:iron_sword":2,"minecraft:bucket":1,"minecraft:stone_axe":3,"minecraft:air":0,"minecraft:iron_chestplate":1,"minecraft:book":6,"minecraft:paper":18,"minecraft:diamond_pickaxe":1,"minecraft:shield":2,"minecraft:stick":220,"minecraft:iron_ingot":82,"minecraft:iron_pickaxe":3,"minecraft:wooden_axe":1,"minecraft:stone_sword":2,"minecraft:iron_shovel":1,"minecraft:iron_leggings":1,"minecraft:gold_ingot":22,"minecraft:white_bed":7,"minecraft:torch":684,"minecraft:diamond_chestplate":1},"minecraft:mined":{"minecraft:tuff":2,"minecraft:white_bed":7,"minecraft:deepslate_diamond_ore":29,"minecraft:obsidian":14,"minecraft:granite":6,"minecraft:grass_block":8,"minecraft:spruce_leaves":68,"minecraft:large_fern":1,"minecraft:furnace":9,"minecraft:cobbled_deepslate":27,"minecraft:iron_ore":41,"minecraft:fire":11,"minecraft:andesite":44,"minecraft:deepslate_lapis_ore":8,"minecraft:enchanting_table":3,"minecraft:bookshelf":1,"minecraft:deepslate_iron_ore":45,"minecraft:stone":439,"minecraft:deepslate_redstone_ore":9,"minecraft:cornflower":1,"minecraft:crafting_table":12,"minecraft:torch":6,"minecraft:short_grass":8,"minecraft:emerald_ore":1,"minecraft:chest":1,"minecraft:cobblestone":25,"minecraft:copper_ore":3,"minecraft:deepslate_gold_ore":19,"minecraft:lapis_ore":8,"minecraft:sugar_cane":37,"minecraft:diorite":3,"minecraft:wall_torch":5,"minecraft:sweet_berry_bush":1,"minecraft:spruce_log":336,"minecraft:coal_ore":244,"minecraft:dirt":10,"minecraft:gold_ore":5,"minecraft:deepslate":80},"minecraft:picked_up":{"minecraft:crafting_table":12,"minecraft:cornflower":1,"minecraft:string":3,"minecraft:raw_copper":15,"minecraft:cobbled_deepslate":140,"minecraft:beef":11,"minecraft:light_gray_wool":2,"minecraft:sugar_cane":70,"minecraft:chest":1,"minecraft:furnace":9,"minecraft:stick":21,"minecraft:raw_iron":84,"minecraft:copper_ingot":2,"minecraft:torch":42,"minecraft:diorite":3,"minecraft:redstone":41,"minecraft:stone_sword":1,"minecraft:arrow":18,"minecraft:rotten_flesh":34,"minecraft:obsidian":14,"minecraft:mutton":94,"minecraft:white_wool":23,"minecraft:cobblestone":467,"minecraft:enchanting_table":3,"minecraft:glow_ink_sac":1,"minecraft:andesite":44,"minecraft:brown_wool":2,"minecraft:leather":6,"minecraft:potato":3,"minecraft:flint":1,"minecraft:tuff":2,"minecraft:gunpowder":2,"minecraft:dirt":22,"minecraft:lapis_lazuli":100,"minecraft:bone":18,"minecraft:wheat_seeds":3,"minecraft:raw_gold":22,"minecraft:iron_ingot":2,"minecraft:stone_pickaxe":2,"minecraft:book":3,"minecraft:sweet_berries":3,"minecraft:gravel":4,"minecraft:spruce_sapling":45,"minecraft:white_bed":7,"minecraft:spruce_log":346,"minecraft:diamond":29,"minecraft:spruce_boat":1,"minecraft:stone_axe":1,"minecraft:granite":6,"minecraft:gray_wool":2,"minecraft:emerald":1,"minecraft:coal":257},"minecraft:dropped":{"minecraft:iron_sword":1,"minecraft:iron_helmet":1,"minecraft:torch":18,"minecraft:wooden_axe":1,"minecraft:iron_leggings":1,"minecraft:spruce_sapling":2,"minecraft:stone_axe":3,"minecraft:sweet_berries":3,"minecraft:stone_sword":1,"minecraft:stone_shovel":1,"minecraft:iron_boots":1,"minecraft:shield":1,"minecraft:spruce_planks":5,"minecraft:iron_chestplate":1,"minecraft:spruce_log":7,"minecraft:wooden_pickaxe":1,"minecraft:stone_pickaxe":1},"minecraft:killed":{"minecraft:spider":5,"minecraft:skeleton":14,"minecraft:zombie_villager":2,"minecraft:sheep":27,"minecraft:zombie":30,"minecraft:enderman":1,"minecraft:cow":6},"minecraft:killed_by":{"minecraft:zombie":1},"minecraft:used":{"minecraft:enchanting_table":3,"minecraft:stone_sword":150,"minecraft:stone_shovel":7,"minecraft:spruce_planks":29,"minecraft:chest":5,"minecraft:shield":81,"minecraft:iron_sword":138,"minecraft:torch":570,"minecraft:dirt":1,"minecraft:granite":3,"minecraft:spruce_boat":1,"minecraft:wooden_axe":2,"minecraft:bookshelf":1,"minecraft:iron_axe":261,"minecraft:furnace":15,"minecraft:cooked_beef":4,"minecraft:cobbled_deepslate":98,"minecraft:cooked_mutton":50,"minecraft:water_bucket":11,"minecraft:stone_pickaxe":359,"minecraft:wooden_pickaxe":36,"minecraft:sugar_cane":17,"minecraft:crafting_table":14,"minecraft:white_bed":7,"minecraft:diamond_pickaxe":179,"minecraft:iron_pickaxe":502,"minecraft:spruce_sapling":12,"minecraft:stone_axe":96,"minecraft:cobblestone":169,"minecraft:andesite":41,"minecraft:bucket":12}},"DataVersion":3953}