{"stats":{"minecraft:used":{"minecraft:cooked_mutton":43,"minecraft:water_bucket":10,"minecraft:stone_sword":150,"minecraft:stone_shovel":7,"minecraft:stone_pickaxe":359,"minecraft:wooden_pickaxe":36,"minecraft:spruce_planks":25,"minecraft:chest":5,"minecraft:shield":81,"minecraft:iron_sword":123,"minecraft:torch":541,"minecraft:dirt":1,"minecraft:crafting_table":13,"minecraft:white_bed":7,"minecraft:granite":3,"minecraft:wooden_axe":2,"minecraft:diamond_pickaxe":29,"minecraft:iron_axe":250,"minecraft:iron_pickaxe":502,"minecraft:spruce_sapling":12,"minecraft:stone_axe":96,"minecraft:cobblestone":135,"minecraft:furnace":15,"minecraft:bucket":11,"minecraft:andesite":41,"minecraft:cobbled_deepslate":98},"minecraft:mined":{"minecraft:deepslate_redstone_ore":9,"minecraft:tuff":2,"minecraft:white_bed":6,"minecraft:deepslate_diamond_ore":29,"minecraft:obsidian":14,"minecraft:crafting_table":11,"minecraft:cornflower":1,"minecraft:torch":6,"minecraft:granite":6,"minecraft:short_grass":8,"minecraft:emerald_ore":1,"minecraft:grass_block":5,"minecraft:chest":1,"minecraft:copper_ore":3,"minecraft:cobblestone":20,"minecraft:spruce_leaves":62,"minecraft:lapis_ore":8,"minecraft:deepslate_gold_ore":19,"minecraft:diorite":3,"minecraft:wall_torch":4,"minecraft:furnace":9,"minecraft:iron_ore":41,"minecraft:fire":11,"minecraft:cobbled_deepslate":27,"minecraft:spruce_log":329,"minecraft:andesite":44,"minecraft:deepslate_lapis_ore":8,"minecraft:coal_ore":208,"minecraft:deepslate_iron_ore":45,"minecraft:dirt":10,"minecraft:stone":334,"minecraft:gold_ore":5,"minecraft:deepslate":80},"minecraft:picked_up":{"minecraft:crafting_table":11,"minecraft:glow_ink_sac":1,"minecraft:andesite":44,"minecraft:leather":1,"minecraft:brown_wool":2,"minecraft:potato":3,"minecraft:flint":1,"minecraft:tuff":2,"minecraft:gunpowder":2,"minecraft:string":3,"minecraft:lapis_lazuli":100,"minecraft:cornflower":1,"minecraft:dirt":20,"minecraft:raw_copper":15,"minecraft:bone":18,"minecraft:wheat_seeds":3,"minecraft:cobbled_deepslate":140,"minecraft:raw_gold":22,"minecraft:beef":4,"minecraft:stone_pickaxe":2,"minecraft:iron_ingot":2,"minecraft:light_gray_wool":2,"minecraft:chest":1,"minecraft:furnace":9,"minecraft:stick":19,"minecraft:raw_iron":84,"minecraft:copper_ingot":2,"minecraft:torch":40,"minecraft:gravel":4,"minecraft:spruce_sapling":42,"minecraft:diorite":3,"minecraft:white_bed":6,"minecraft:spruce_log":339,"minecraft:redstone":41,"minecraft:stone_sword":1,"minecraft:arrow":18,"minecraft:rotten_flesh":34,"minecraft:diamond":29,"minecraft:stone_axe":1,"minecraft:granite":6,"minecraft:gray_wool":2,"minecraft:emerald":1,"minecraft:mutton":46,"minecraft:obsidian":14,"minecraft:coal":221,"minecraft:white_wool":23,"minecraft:cobblestone":357},"minecraft:killed":{"minecraft:zombie_villager":2,"minecraft:spider":5,"minecraft:skeleton":14,"minecraft:sheep":27,"minecraft:zombie":30,"minecraft:cow":2,"minecraft:enderman":1},"minecraft:crafted":{"minecraft:stone_shovel":1,"minecraft:crafting_table":3,"minecraft:spruce_planks":232,"minecraft:wooden_pickaxe":1,"minecraft:iron_helmet":1,"minecraft:iron_sword":1,"minecraft:furnace":7,"minecraft:bucket":1,"minecraft:stone_axe":3,"minecraft:cooked_mutton":43,"minecraft:air":0,"minecraft:diamond_leggings":1,"minecraft:diamond_helmet":1,"minecraft:iron_chestplate":1,"minecraft:iron_boots":1,"minecraft:diamond_pickaxe":1,"minecraft:shield":1,"minecraft:iron_axe":1,"minecraft:stick":220,"minecraft:iron_ingot":82,"minecraft:gold_ingot":22,"minecraft:iron_pickaxe":3,"minecraft:stone_pickaxe":3,"minecraft:wooden_axe":1,"minecraft:diamond_boots":1,"minecraft:stone_sword":2,"minecraft:chest":4,"minecraft:iron_shovel":1,"minecraft:iron_leggings":1,"minecraft:white_bed":7,"minecraft:torch":588,"minecraft:diamond_chestplate":1},"minecraft:custom":{"minecraft:interact_with_furnace":69,"minecraft:mob_kills":84,"minecraft:interact_with_crafting_table":38,"minecraft:leave_game":23,"minecraft:time_since_death":179922,"minecraft:sleep_in_bed":7,"minecraft:time_since_rest":5911,"minecraft:sprint_one_cm":454783,"minecraft:damage_taken":2921,"minecraft:walk_one_cm":538522,"minecraft:damage_blocked_by_shield":3148,"minecraft:drop":11,"minecraft:damage_dealt":11983,"minecraft:swim_one_cm":26357,"minecraft:fly_one_cm":412166,"minecraft:open_chest":30,"minecraft:crouch_one_cm":48685,"minecraft:play_time":195055,"minecraft:deaths":1,"minecraft:sneak_time":14074,"minecraft:walk_under_water_one_cm":23569,"minecraft:jump":3216,"minecraft:walk_on_water_one_cm":28185,"minecraft:total_world_time":195055,"minecraft:fall_one_cm":59565},"minecraft:broken":{"minecraft:stone_pickaxe":2,"minecraft:stone_sword":1,"minecraft:iron_axe":1,"minecraft:iron_pickaxe":2},"minecraft:dropped":{"minecraft:stone_axe":2,"minecraft:stone_sword":1,"minecraft:stone_shovel":1,"minecraft:wooden_axe":1,"minecraft:spruce_log":2,"minecraft:wooden_pickaxe":1,"minecraft:stone_pickaxe":1,"minecraft:spruce_sapling":2},"minecraft:killed_by":{"minecraft:zombie":1}},"DataVersion":3953}