{"stats":{"minecraft:used":{"minecraft:cooked_mutton":42,"minecraft:water_bucket":9,"minecraft:stone_sword":150,"minecraft:stone_shovel":7,"minecraft:stone_pickaxe":359,"minecraft:wooden_pickaxe":36,"minecraft:spruce_planks":25,"minecraft:chest":5,"minecraft:shield":81,"minecraft:iron_sword":116,"minecraft:torch":541,"minecraft:dirt":1,"minecraft:crafting_table":12,"minecraft:white_bed":6,"minecraft:granite":3,"minecraft:wooden_axe":2,"minecraft:diamond_pickaxe":20,"minecraft:iron_axe":105,"minecraft:iron_pickaxe":442,"minecraft:spruce_sapling":12,"minecraft:stone_axe":83,"minecraft:cobblestone":133,"minecraft:furnace":15,"minecraft:bucket":9,"minecraft:andesite":41,"minecraft:cobbled_deepslate":91},"minecraft:mined":{"minecraft:deepslate_redstone_ore":9,"minecraft:tuff":2,"minecraft:white_bed":5,"minecraft:deepslate_diamond_ore":29,"minecraft:obsidian":14,"minecraft:crafting_table":10,"minecraft:cornflower":1,"minecraft:torch":6,"minecraft:granite":5,"minecraft:short_grass":8,"minecraft:emerald_ore":1,"minecraft:grass_block":4,"minecraft:chest":1,"minecraft:copper_ore":3,"minecraft:cobblestone":19,"minecraft:spruce_leaves":49,"minecraft:lapis_ore":8,"minecraft:deepslate_gold_ore":19,"minecraft:diorite":3,"minecraft:wall_torch":4,"minecraft:furnace":9,"minecraft:iron_ore":41,"minecraft:fire":11,"minecraft:cobbled_deepslate":7,"minecraft:spruce_log":179,"minecraft:andesite":44,"minecraft:deepslate_lapis_ore":8,"minecraft:coal_ore":175,"minecraft:deepslate_iron_ore":45,"minecraft:dirt":10,"minecraft:stone":324,"minecraft:gold_ore":5,"minecraft:deepslate":80},"minecraft:picked_up":{"minecraft:crafting_table":10,"minecraft:glow_ink_sac":1,"minecraft:andesite":44,"minecraft:brown_wool":2,"minecraft:potato":3,"minecraft:flint":1,"minecraft:tuff":2,"minecraft:gunpowder":2,"minecraft:string":3,"minecraft:lapis_lazuli":100,"minecraft:cornflower":1,"minecraft:dirt":19,"minecraft:raw_copper":15,"minecraft:bone":18,"minecraft:wheat_seeds":3,"minecraft:cobbled_deepslate":122,"minecraft:raw_gold":22,"minecraft:stone_pickaxe":2,"minecraft:iron_ingot":2,"minecraft:light_gray_wool":2,"minecraft:chest":1,"minecraft:furnace":9,"minecraft:stick":13,"minecraft:raw_iron":84,"minecraft:copper_ingot":2,"minecraft:torch":40,"minecraft:gravel":4,"minecraft:spruce_sapling":24,"minecraft:diorite":3,"minecraft:white_bed":5,"minecraft:spruce_log":188,"minecraft:redstone":41,"minecraft:stone_sword":1,"minecraft:arrow":18,"minecraft:rotten_flesh":33,"minecraft:diamond":29,"minecraft:stone_axe":1,"minecraft:granite":5,"minecraft:gray_wool":2,"minecraft:emerald":1,"minecraft:obsidian":14,"minecraft:mutton":46,"minecraft:coal":188,"minecraft:white_wool":23,"minecraft:cobblestone":346},"minecraft:killed":{"minecraft:zombie_villager":2,"minecraft:spider":5,"minecraft:skeleton":14,"minecraft:sheep":27,"minecraft:zombie":29,"minecraft:enderman":1},"minecraft:crafted":{"minecraft:stone_shovel":1,"minecraft:crafting_table":3,"minecraft:spruce_planks":232,"minecraft:wooden_pickaxe":1,"minecraft:iron_helmet":1,"minecraft:iron_sword":1,"minecraft:furnace":7,"minecraft:bucket":1,"minecraft:stone_axe":2,"minecraft:cooked_mutton":43,"minecraft:air":0,"minecraft:iron_chestplate":1,"minecraft:iron_boots":1,"minecraft:diamond_pickaxe":1,"minecraft:shield":1,"minecraft:iron_axe":1,"minecraft:stick":220,"minecraft:iron_ingot":49,"minecraft:iron_pickaxe":3,"minecraft:stone_pickaxe":3,"minecraft:wooden_axe":1,"minecraft:stone_sword":2,"minecraft:chest":4,"minecraft:iron_shovel":1,"minecraft:iron_leggings":1,"minecraft:white_bed":3,"minecraft:torch":588},"minecraft:custom":{"minecraft:interact_with_furnace":57,"minecraft:mob_kills":81,"minecraft:interact_with_crafting_table":34,"minecraft:leave_game":20,"minecraft:time_since_death":160570,"minecraft:sleep_in_bed":6,"minecraft:time_since_rest":82602,"minecraft:sprint_one_cm":406396,"minecraft:damage_taken":2768,"minecraft:walk_one_cm":498796,"minecraft:damage_blocked_by_shield":3148,"minecraft:drop":11,"minecraft:damage_dealt":11633,"minecraft:swim_one_cm":18663,"minecraft:fly_one_cm":372464,"minecraft:open_chest":18,"minecraft:crouch_one_cm":47049,"minecraft:play_time":175703,"minecraft:deaths":1,"minecraft:sneak_time":13398,"minecraft:walk_under_water_one_cm":20867,"minecraft:jump":2860,"minecraft:walk_on_water_one_cm":23064,"minecraft:total_world_time":175703,"minecraft:fall_one_cm":51447},"minecraft:broken":{"minecraft:stone_pickaxe":2,"minecraft:stone_sword":1,"minecraft:iron_pickaxe":1},"minecraft:dropped":{"minecraft:stone_axe":2,"minecraft:stone_sword":1,"minecraft:stone_shovel":1,"minecraft:wooden_axe":1,"minecraft:spruce_log":2,"minecraft:wooden_pickaxe":1,"minecraft:stone_pickaxe":1,"minecraft:spruce_sapling":2},"minecraft:killed_by":{"minecraft:zombie":1}},"DataVersion":3953}