{"stats":{"minecraft:custom":{"minecraft:mob_kills":84,"minecraft:interact_with_crafting_table":45,"minecraft:leave_game":27,"minecraft:time_since_death":216106,"minecraft:sprint_one_cm":544093,"minecraft:walk_one_cm":595217,"minecraft:damage_blocked_by_shield":3148,"minecraft:drop":21,"minecraft:play_time":231239,"minecraft:deaths":1,"minecraft:sneak_time":14314,"minecraft:walk_under_water_one_cm":23876,"minecraft:jump":3864,"minecraft:walk_on_water_one_cm":30034,"minecraft:enchant_item":8,"minecraft:total_world_time":231239,"minecraft:interact_with_furnace":91,"minecraft:sleep_in_bed":7,"minecraft:time_since_rest":42095,"minecraft:damage_taken":2986,"minecraft:damage_dealt":11983,"minecraft:swim_one_cm":37672,"minecraft:fly_one_cm":508392,"minecraft:open_chest":49,"minecraft:crouch_one_cm":49474,"minecraft:fall_one_cm":71071},"minecraft:broken":{"minecraft:stone_sword":1,"minecraft:stone_pickaxe":2,"minecraft:iron_axe":1,"minecraft:iron_pickaxe":2},"minecraft:crafted":{"minecraft:stone_shovel":1,"minecraft:furnace":7,"minecraft:bookshelf":1,"minecraft:cooked_mutton":91,"minecraft:diamond_helmet":1,"minecraft:iron_boots":1,"minecraft:diamond_leggings":1,"minecraft:iron_axe":2,"minecraft:stone_pickaxe":3,"minecraft:chest":4,"minecraft:diamond_boots":1,"minecraft:cooked_beef":4,"minecraft:crafting_table":3,"minecraft:spruce_planks":292,"minecraft:enchanting_table":1,"minecraft:wooden_pickaxe":1,"minecraft:iron_helmet":1,"minecraft:iron_sword":2,"minecraft:bucket":1,"minecraft:stone_axe":3,"minecraft:air":0,"minecraft:iron_chestplate":1,"minecraft:book":6,"minecraft:paper":18,"minecraft:diamond_pickaxe":1,"minecraft:shield":2,"minecraft:stick":220,"minecraft:iron_ingot":82,"minecraft:iron_pickaxe":3,"minecraft:wooden_axe":1,"minecraft:stone_sword":2,"minecraft:iron_leggings":1,"minecraft:iron_shovel":1,"minecraft:gold_ingot":22,"minecraft:white_bed":7,"minecraft:torch":684,"minecraft:diamond_chestplate":1},"minecraft:mined":{"minecraft:tuff":2,"minecraft:white_bed":6,"minecraft:deepslate_diamond_ore":29,"minecraft:obsidian":14,"minecraft:granite":6,"minecraft:grass_block":5,"minecraft:spruce_leaves":64,"minecraft:large_fern":1,"minecraft:furnace":9,"minecraft:cobbled_deepslate":27,"minecraft:iron_ore":41,"minecraft:fire":11,"minecraft:andesite":44,"minecraft:deepslate_lapis_ore":8,"minecraft:enchanting_table":2,"minecraft:deepslate_iron_ore":45,"minecraft:stone":438,"minecraft:deepslate_redstone_ore":9,"minecraft:cornflower":1,"minecraft:crafting_table":11,"minecraft:torch":6,"minecraft:short_grass":8,"minecraft:emerald_ore":1,"minecraft:chest":1,"minecraft:cobblestone":23,"minecraft:copper_ore":3,"minecraft:deepslate_gold_ore":19,"minecraft:lapis_ore":8,"minecraft:sugar_cane":8,"minecraft:diorite":3,"minecraft:wall_torch":5,"minecraft:spruce_log":329,"minecraft:coal_ore":244,"minecraft:dirt":10,"minecraft:gold_ore":5,"minecraft:deepslate":80},"minecraft:picked_up":{"minecraft:crafting_table":11,"minecraft:cornflower":1,"minecraft:string":3,"minecraft:raw_copper":15,"minecraft:cobbled_deepslate":140,"minecraft:beef":4,"minecraft:light_gray_wool":2,"minecraft:sugar_cane":19,"minecraft:chest":1,"minecraft:furnace":9,"minecraft:raw_iron":84,"minecraft:stick":20,"minecraft:copper_ingot":2,"minecraft:torch":41,"minecraft:diorite":3,"minecraft:redstone":41,"minecraft:stone_sword":1,"minecraft:arrow":18,"minecraft:rotten_flesh":34,"minecraft:obsidian":14,"minecraft:mutton":94,"minecraft:white_wool":23,"minecraft:cobblestone":464,"minecraft:enchanting_table":2,"minecraft:glow_ink_sac":1,"minecraft:andesite":44,"minecraft:brown_wool":2,"minecraft:leather":1,"minecraft:potato":3,"minecraft:flint":1,"minecraft:tuff":2,"minecraft:gunpowder":2,"minecraft:dirt":20,"minecraft:lapis_lazuli":100,"minecraft:bone":18,"minecraft:wheat_seeds":3,"minecraft:raw_gold":22,"minecraft:iron_ingot":2,"minecraft:stone_pickaxe":2,"minecraft:gravel":4,"minecraft:spruce_sapling":42,"minecraft:white_bed":6,"minecraft:spruce_log":339,"minecraft:diamond":29,"minecraft:stone_axe":1,"minecraft:granite":6,"minecraft:gray_wool":2,"minecraft:emerald":1,"minecraft:coal":257},"minecraft:dropped":{"minecraft:iron_sword":1,"minecraft:iron_helmet":1,"minecraft:torch":17,"minecraft:wooden_axe":1,"minecraft:iron_leggings":1,"minecraft:spruce_sapling":2,"minecraft:stone_axe":3,"minecraft:stone_sword":1,"minecraft:stone_shovel":1,"minecraft:iron_boots":1,"minecraft:shield":1,"minecraft:spruce_planks":5,"minecraft:iron_chestplate":1,"minecraft:spruce_log":2,"minecraft:stone_pickaxe":1,"minecraft:wooden_pickaxe":1},"minecraft:killed":{"minecraft:spider":5,"minecraft:skeleton":14,"minecraft:zombie_villager":2,"minecraft:sheep":27,"minecraft:zombie":30,"minecraft:enderman":1,"minecraft:cow":2},"minecraft:killed_by":{"minecraft:zombie":1},"minecraft:used":{"minecraft:enchanting_table":3,"minecraft:stone_sword":150,"minecraft:stone_shovel":7,"minecraft:spruce_planks":29,"minecraft:chest":5,"minecraft:shield":81,"minecraft:iron_sword":125,"minecraft:torch":558,"minecraft:dirt":1,"minecraft:granite":3,"minecraft:wooden_axe":2,"minecraft:bookshelf":1,"minecraft:iron_axe":250,"minecraft:furnace":15,"minecraft:cooked_beef":4,"minecraft:cobbled_deepslate":98,"minecraft:cooked_mutton":44,"minecraft:water_bucket":10,"minecraft:stone_pickaxe":359,"minecraft:wooden_pickaxe":36,"minecraft:crafting_table":13,"minecraft:white_bed":7,"minecraft:diamond_pickaxe":175,"minecraft:iron_pickaxe":502,"minecraft:spruce_sapling":12,"minecraft:stone_axe":96,"minecraft:cobblestone":160,"minecraft:andesite":41,"minecraft:bucket":11}},"DataVersion":3953}