{"stats":{"minecraft:used":{"minecraft:wooden_axe":2,"minecraft:stone_sword":8,"minecraft:stone_pickaxe":32,"minecraft:chest":1,"minecraft:wooden_pickaxe":36,"minecraft:torch":2,"minecraft:dirt":1,"minecraft:cobblestone":15,"minecraft:crafting_table":3,"minecraft:furnace":3},"minecraft:mined":{"minecraft:furnace":1,"minecraft:fire":11,"minecraft:spruce_log":15,"minecraft:crafting_table":2,"minecraft:short_grass":1,"minecraft:grass_block":3,"minecraft:coal_ore":16,"minecraft:dirt":3,"minecraft:cobblestone":2,"minecraft:spruce_leaves":22,"minecraft:stone":46,"minecraft:wall_torch":1},"minecraft:picked_up":{"minecraft:crafting_table":2,"minecraft:torch":1,"minecraft:spruce_sapling":4,"minecraft:spruce_log":17,"minecraft:dirt":6,"minecraft:wheat_seeds":1,"minecraft:stone_pickaxe":1,"minecraft:mutton":3,"minecraft:coal":18,"minecraft:white_wool":2,"minecraft:cobblestone":48,"minecraft:furnace":1},"minecraft:crafted":{"minecraft:crafting_table":1,"minecraft:spruce_planks":28,"minecraft:stick":20,"minecraft:wooden_pickaxe":1,"minecraft:stone_pickaxe":1,"minecraft:wooden_axe":1,"minecraft:stone_sword":1,"minecraft:chest":1,"minecraft:furnace":2,"minecraft:torch":24,"minecraft:stone_axe":1},"minecraft:killed":{"minecraft:sheep":3},"minecraft:custom":{"minecraft:time_since_rest":408,"minecraft:interact_with_furnace":4,"minecraft:sprint_one_cm":16571,"minecraft:damage_taken":260,"minecraft:walk_one_cm":28733,"minecraft:mob_kills":3,"minecraft:drop":6,"minecraft:damage_dealt":290,"minecraft:interact_with_crafting_table":5,"minecraft:fly_one_cm":11577,"minecraft:open_chest":1,"minecraft:play_time":15511,"minecraft:deaths":1,"minecraft:sneak_time":1,"minecraft:jump":122,"minecraft:leave_game":3,"minecraft:time_since_death":378,"minecraft:total_world_time":15511,"minecraft:fall_one_cm":2611},"minecraft:dropped":{"minecraft:wooden_axe":1,"minecraft:spruce_log":2,"minecraft:stone_pickaxe":1,"minecraft:wooden_pickaxe":1,"minecraft:spruce_sapling":1},"minecraft:killed_by":{"minecraft:zombie":1}},"DataVersion":3953}