{"stats":{"minecraft:used":{"minecraft:cooked_mutton":22,"minecraft:water_bucket":2,"minecraft:stone_sword":150,"minecraft:stone_shovel":7,"minecraft:stone_pickaxe":359,"minecraft:spruce_planks":25,"minecraft:wooden_pickaxe":36,"minecraft:chest":5,"minecraft:shield":46,"minecraft:iron_sword":12,"minecraft:torch":323,"minecraft:dirt":1,"minecraft:crafting_table":11,"minecraft:white_bed":6,"minecraft:granite":3,"minecraft:wooden_axe":2,"minecraft:iron_axe":1,"minecraft:iron_pickaxe":292,"minecraft:spruce_sapling":12,"minecraft:stone_axe":83,"minecraft:cobblestone":115,"minecraft:furnace":15,"minecraft:bucket":3,"minecraft:andesite":41,"minecraft:cobbled_deepslate":5},"minecraft:mined":{"minecraft:white_bed":5,"minecraft:crafting_table":9,"minecraft:cornflower":1,"minecraft:torch":3,"minecraft:granite":5,"minecraft:short_grass":8,"minecraft:emerald_ore":1,"minecraft:grass_block":3,"minecraft:chest":1,"minecraft:cobblestone":11,"minecraft:copper_ore":3,"minecraft:spruce_leaves":39,"minecraft:lapis_ore":8,"minecraft:diorite":3,"minecraft:wall_torch":2,"minecraft:furnace":9,"minecraft:iron_ore":37,"minecraft:cobbled_deepslate":2,"minecraft:fire":11,"minecraft:spruce_log":78,"minecraft:andesite":44,"minecraft:deepslate_lapis_ore":4,"minecraft:coal_ore":175,"minecraft:deepslate_iron_ore":33,"minecraft:dirt":10,"minecraft:stone":319,"minecraft:gold_ore":5,"minecraft:deepslate":23},"minecraft:picked_up":{"minecraft:crafting_table":9,"minecraft:andesite":44,"minecraft:brown_wool":2,"minecraft:potato":1,"minecraft:flint":1,"minecraft:dirt":18,"minecraft:string":3,"minecraft:lapis_lazuli":77,"minecraft:cornflower":1,"minecraft:raw_copper":15,"minecraft:bone":9,"minecraft:wheat_seeds":2,"minecraft:cobbled_deepslate":37,"minecraft:raw_gold":5,"minecraft:iron_ingot":2,"minecraft:stone_pickaxe":2,"minecraft:light_gray_wool":2,"minecraft:chest":1,"minecraft:furnace":9,"minecraft:stick":9,"minecraft:raw_iron":70,"minecraft:copper_ingot":2,"minecraft:torch":34,"minecraft:gravel":4,"minecraft:spruce_sapling":20,"minecraft:diorite":3,"minecraft:white_bed":5,"minecraft:spruce_log":88,"minecraft:stone_sword":1,"minecraft:arrow":9,"minecraft:rotten_flesh":12,"minecraft:stone_axe":1,"minecraft:granite":5,"minecraft:gray_wool":2,"minecraft:emerald":1,"minecraft:mutton":46,"minecraft:coal":188,"minecraft:white_wool":23,"minecraft:cobblestone":333},"minecraft:killed":{"minecraft:spider":4,"minecraft:skeleton":7,"minecraft:sheep":27,"minecraft:zombie":12,"minecraft:enderman":1},"minecraft:crafted":{"minecraft:stone_shovel":1,"minecraft:crafting_table":3,"minecraft:spruce_planks":232,"minecraft:wooden_pickaxe":1,"minecraft:iron_helmet":1,"minecraft:iron_sword":1,"minecraft:furnace":7,"minecraft:bucket":1,"minecraft:stone_axe":2,"minecraft:cooked_mutton":43,"minecraft:air":0,"minecraft:iron_chestplate":1,"minecraft:iron_boots":1,"minecraft:shield":1,"minecraft:iron_axe":1,"minecraft:stick":156,"minecraft:iron_ingot":49,"minecraft:iron_pickaxe":3,"minecraft:stone_pickaxe":3,"minecraft:wooden_axe":1,"minecraft:stone_sword":2,"minecraft:chest":4,"minecraft:iron_shovel":1,"minecraft:iron_leggings":1,"minecraft:white_bed":3,"minecraft:torch":524},"minecraft:custom":{"minecraft:interact_with_furnace":57,"minecraft:mob_kills":52,"minecraft:interact_with_crafting_table":33,"minecraft:leave_game":10,"minecraft:time_since_death":100614,"minecraft:sleep_in_bed":6,"minecraft:time_since_rest":22646,"minecraft:sprint_one_cm":279493,"minecraft:damage_taken":1577,"minecraft:walk_one_cm":255882,"minecraft:damage_blocked_by_shield":1581,"minecraft:drop":11,"minecraft:damage_dealt":6855,"minecraft:swim_one_cm":17018,"minecraft:fly_one_cm":271776,"minecraft:open_chest":18,"minecraft:crouch_one_cm":17194,"minecraft:sneak_time":5946,"minecraft:play_time":115747,"minecraft:deaths":1,"minecraft:walk_under_water_one_cm":12780,"minecraft:jump":1730,"minecraft:walk_on_water_one_cm":10771,"minecraft:total_world_time":115747,"minecraft:fall_one_cm":36471},"minecraft:broken":{"minecraft:stone_pickaxe":2,"minecraft:stone_sword":1,"minecraft:iron_pickaxe":1},"minecraft:dropped":{"minecraft:stone_axe":2,"minecraft:stone_sword":1,"minecraft:stone_shovel":1,"minecraft:wooden_axe":1,"minecraft:spruce_log":2,"minecraft:wooden_pickaxe":1,"minecraft:stone_pickaxe":1,"minecraft:spruce_sapling":2},"minecraft:killed_by":{"minecraft:zombie":1}},"DataVersion":3953}