{"stats":{"minecraft:used":{"minecraft:cooked_mutton":2,"minecraft:stone_sword":61,"minecraft:stone_pickaxe":169,"minecraft:chest":3,"minecraft:spruce_planks":25,"minecraft:wooden_pickaxe":36,"minecraft:torch":14,"minecraft:dirt":1,"minecraft:crafting_table":7,"minecraft:white_bed":4,"minecraft:wooden_axe":2,"minecraft:spruce_sapling":12,"minecraft:stone_axe":80,"minecraft:cobblestone":30,"minecraft:furnace":4},"minecraft:mined":{"minecraft:white_bed":4,"minecraft:crafting_table":6,"minecraft:cornflower":1,"minecraft:short_grass":8,"minecraft:grass_block":3,"minecraft:chest":1,"minecraft:cobblestone":2,"minecraft:spruce_leaves":39,"minecraft:wall_torch":2,"minecraft:furnace":2,"minecraft:fire":11,"minecraft:spruce_log":78,"minecraft:andesite":33,"minecraft:coal_ore":16,"minecraft:dirt":3,"minecraft:stone":148},"minecraft:picked_up":{"minecraft:crafting_table":6,"minecraft:andesite":33,"minecraft:brown_wool":2,"minecraft:cornflower":1,"minecraft:dirt":11,"minecraft:wheat_seeds":2,"minecraft:stone_pickaxe":2,"minecraft:light_gray_wool":2,"minecraft:chest":1,"minecraft:furnace":2,"minecraft:stick":9,"minecraft:torch":25,"minecraft:spruce_sapling":20,"minecraft:white_bed":4,"minecraft:spruce_log":88,"minecraft:stone_sword":1,"minecraft:stone_axe":1,"minecraft:gray_wool":2,"minecraft:mutton":46,"minecraft:coal":28,"minecraft:white_wool":23,"minecraft:cobblestone":152},"minecraft:killed":{"minecraft:sheep":27},"minecraft:crafted":{"minecraft:stone_shovel":1,"minecraft:crafting_table":2,"minecraft:spruce_planks":84,"minecraft:wooden_pickaxe":1,"minecraft:furnace":2,"minecraft:stone_axe":1,"minecraft:cooked_mutton":20,"minecraft:air":0,"minecraft:stick":20,"minecraft:stone_pickaxe":3,"minecraft:wooden_axe":1,"minecraft:stone_sword":1,"minecraft:chest":2,"minecraft:white_bed":3,"minecraft:torch":24},"minecraft:custom":{"minecraft:interact_with_furnace":9,"minecraft:mob_kills":27,"minecraft:interact_with_crafting_table":10,"minecraft:leave_game":3,"minecraft:time_since_death":24378,"minecraft:sleep_in_bed":2,"minecraft:time_since_rest":6022,"minecraft:sprint_one_cm":82100,"minecraft:damage_taken":290,"minecraft:walk_one_cm":98747,"minecraft:drop":7,"minecraft:damage_dealt":2210,"minecraft:fly_one_cm":71670,"minecraft:open_chest":3,"minecraft:crouch_one_cm":1987,"minecraft:play_time":39511,"minecraft:deaths":1,"minecraft:sneak_time":700,"minecraft:jump":535,"minecraft:total_world_time":39511,"minecraft:fall_one_cm":9907},"minecraft:broken":{"minecraft:stone_pickaxe":1},"minecraft:dropped":{"minecraft:wooden_axe":1,"minecraft:spruce_log":2,"minecraft:stone_pickaxe":1,"minecraft:wooden_pickaxe":1,"minecraft:spruce_sapling":2},"minecraft:killed_by":{"minecraft:zombie":1}},"DataVersion":3953}