{"stats":{"minecraft:used":{"minecraft:cooked_mutton":3,"minecraft:stone_sword":100,"minecraft:stone_shovel":7,"minecraft:stone_pickaxe":304,"minecraft:chest":5,"minecraft:spruce_planks":25,"minecraft:wooden_pickaxe":36,"minecraft:torch":53,"minecraft:dirt":1,"minecraft:crafting_table":9,"minecraft:white_bed":5,"minecraft:wooden_axe":2,"minecraft:spruce_sapling":12,"minecraft:stone_axe":81,"minecraft:cobblestone":43,"minecraft:furnace":10,"minecraft:andesite":6},"minecraft:mined":{"minecraft:white_bed":4,"minecraft:crafting_table":7,"minecraft:cornflower":1,"minecraft:torch":1,"minecraft:short_grass":8,"minecraft:grass_block":3,"minecraft:chest":1,"minecraft:copper_ore":3,"minecraft:cobblestone":2,"minecraft:spruce_leaves":39,"minecraft:wall_torch":2,"minecraft:furnace":5,"minecraft:iron_ore":7,"minecraft:fire":11,"minecraft:spruce_log":78,"minecraft:andesite":38,"minecraft:coal_ore":28,"minecraft:dirt":10,"minecraft:stone":253},"minecraft:picked_up":{"minecraft:crafting_table":7,"minecraft:andesite":38,"minecraft:brown_wool":2,"minecraft:potato":1,"minecraft:string":1,"minecraft:cornflower":1,"minecraft:dirt":18,"minecraft:raw_copper":15,"minecraft:wheat_seeds":2,"minecraft:stone_pickaxe":2,"minecraft:light_gray_wool":2,"minecraft:chest":1,"minecraft:furnace":5,"minecraft:stick":9,"minecraft:raw_iron":7,"minecraft:copper_ingot":2,"minecraft:torch":26,"minecraft:spruce_sapling":20,"minecraft:white_bed":4,"minecraft:spruce_log":88,"minecraft:stone_sword":1,"minecraft:rotten_flesh":7,"minecraft:stone_axe":1,"minecraft:gray_wool":2,"minecraft:mutton":46,"minecraft:coal":41,"minecraft:white_wool":23,"minecraft:cobblestone":252},"minecraft:killed":{"minecraft:spider":1,"minecraft:sheep":27,"minecraft:zombie":6,"minecraft:enderman":1},"minecraft:crafted":{"minecraft:stone_shovel":1,"minecraft:crafting_table":2,"minecraft:spruce_planks":108,"minecraft:iron_helmet":1,"minecraft:wooden_pickaxe":1,"minecraft:furnace":5,"minecraft:stone_axe":1,"minecraft:cooked_mutton":43,"minecraft:air":0,"minecraft:shield":1,"minecraft:stick":44,"minecraft:iron_ingot":7,"minecraft:stone_pickaxe":3,"minecraft:wooden_axe":1,"minecraft:stone_sword":1,"minecraft:chest":4,"minecraft:white_bed":3,"minecraft:torch":52},"minecraft:custom":{"minecraft:interact_with_furnace":28,"minecraft:mob_kills":35,"minecraft:interact_with_crafting_table":22,"minecraft:leave_game":3,"minecraft:time_since_death":36378,"minecraft:sleep_in_bed":3,"minecraft:time_since_rest":4688,"minecraft:sprint_one_cm":96721,"minecraft:damage_taken":408,"minecraft:walk_one_cm":119445,"minecraft:drop":7,"minecraft:damage_dealt":3886,"minecraft:fly_one_cm":89239,"minecraft:open_chest":5,"minecraft:crouch_one_cm":2371,"minecraft:play_time":51511,"minecraft:deaths":1,"minecraft:sneak_time":975,"minecraft:jump":610,"minecraft:total_world_time":51511,"minecraft:fall_one_cm":11579},"minecraft:broken":{"minecraft:stone_pickaxe":2},"minecraft:dropped":{"minecraft:wooden_axe":1,"minecraft:spruce_log":2,"minecraft:stone_pickaxe":1,"minecraft:wooden_pickaxe":1,"minecraft:spruce_sapling":2},"minecraft:killed_by":{"minecraft:zombie":1}},"DataVersion":3953}