{"stats":{"minecraft:used":{"minecraft:cooked_mutton":33,"minecraft:water_bucket":3,"minecraft:stone_sword":150,"minecraft:stone_shovel":7,"minecraft:stone_pickaxe":359,"minecraft:spruce_planks":25,"minecraft:wooden_pickaxe":36,"minecraft:chest":5,"minecraft:shield":72,"minecraft:iron_sword":85,"minecraft:torch":534,"minecraft:dirt":1,"minecraft:crafting_table":11,"minecraft:white_bed":6,"minecraft:granite":3,"minecraft:wooden_axe":2,"minecraft:iron_axe":1,"minecraft:iron_pickaxe":386,"minecraft:spruce_sapling":12,"minecraft:stone_axe":83,"minecraft:cobblestone":124,"minecraft:furnace":15,"minecraft:bucket":4,"minecraft:andesite":41,"minecraft:cobbled_deepslate":32},"minecraft:mined":{"minecraft:tuff":2,"minecraft:white_bed":5,"minecraft:deepslate_diamond_ore":27,"minecraft:crafting_table":9,"minecraft:cornflower":1,"minecraft:torch":6,"minecraft:granite":5,"minecraft:short_grass":8,"minecraft:emerald_ore":1,"minecraft:grass_block":3,"minecraft:chest":1,"minecraft:copper_ore":3,"minecraft:cobblestone":19,"minecraft:spruce_leaves":39,"minecraft:lapis_ore":8,"minecraft:deepslate_gold_ore":9,"minecraft:diorite":3,"minecraft:wall_torch":3,"minecraft:furnace":9,"minecraft:iron_ore":41,"minecraft:fire":11,"minecraft:cobbled_deepslate":3,"minecraft:spruce_log":78,"minecraft:andesite":44,"minecraft:deepslate_lapis_ore":4,"minecraft:coal_ore":175,"minecraft:deepslate_iron_ore":41,"minecraft:dirt":10,"minecraft:stone":321,"minecraft:gold_ore":5,"minecraft:deepslate":56},"minecraft:picked_up":{"minecraft:crafting_table":9,"minecraft:glow_ink_sac":1,"minecraft:andesite":44,"minecraft:brown_wool":2,"minecraft:potato":3,"minecraft:flint":1,"minecraft:tuff":2,"minecraft:gunpowder":2,"minecraft:string":3,"minecraft:lapis_lazuli":77,"minecraft:cornflower":1,"minecraft:dirt":18,"minecraft:raw_copper":15,"minecraft:bone":12,"minecraft:wheat_seeds":2,"minecraft:cobbled_deepslate":92,"minecraft:raw_gold":14,"minecraft:stone_pickaxe":2,"minecraft:iron_ingot":2,"minecraft:light_gray_wool":2,"minecraft:chest":1,"minecraft:furnace":9,"minecraft:stick":9,"minecraft:raw_iron":82,"minecraft:copper_ingot":2,"minecraft:torch":39,"minecraft:gravel":4,"minecraft:spruce_sapling":20,"minecraft:diorite":3,"minecraft:white_bed":5,"minecraft:spruce_log":88,"minecraft:stone_sword":1,"minecraft:arrow":13,"minecraft:rotten_flesh":29,"minecraft:diamond":27,"minecraft:stone_axe":1,"minecraft:granite":5,"minecraft:gray_wool":2,"minecraft:emerald":1,"minecraft:mutton":46,"minecraft:coal":188,"minecraft:white_wool":23,"minecraft:cobblestone":343},"minecraft:killed":{"minecraft:zombie_villager":2,"minecraft:spider":5,"minecraft:skeleton":10,"minecraft:sheep":27,"minecraft:zombie":26,"minecraft:enderman":1},"minecraft:crafted":{"minecraft:stone_shovel":1,"minecraft:crafting_table":3,"minecraft:spruce_planks":232,"minecraft:wooden_pickaxe":1,"minecraft:iron_helmet":1,"minecraft:iron_sword":1,"minecraft:furnace":7,"minecraft:bucket":1,"minecraft:stone_axe":2,"minecraft:cooked_mutton":43,"minecraft:air":0,"minecraft:iron_chestplate":1,"minecraft:iron_boots":1,"minecraft:shield":1,"minecraft:iron_axe":1,"minecraft:stick":220,"minecraft:iron_ingot":49,"minecraft:iron_pickaxe":3,"minecraft:stone_pickaxe":3,"minecraft:wooden_axe":1,"minecraft:stone_sword":2,"minecraft:chest":4,"minecraft:iron_shovel":1,"minecraft:iron_leggings":1,"minecraft:white_bed":3,"minecraft:torch":588},"minecraft:custom":{"minecraft:interact_with_furnace":57,"minecraft:mob_kills":74,"minecraft:interact_with_crafting_table":33,"minecraft:leave_game":16,"minecraft:time_since_death":128608,"minecraft:sleep_in_bed":6,"minecraft:time_since_rest":50640,"minecraft:sprint_one_cm":343889,"minecraft:damage_taken":2381,"minecraft:walk_one_cm":407572,"minecraft:damage_blocked_by_shield":2668,"minecraft:drop":11,"minecraft:damage_dealt":10418,"minecraft:swim_one_cm":17018,"minecraft:fly_one_cm":317720,"minecraft:open_chest":18,"minecraft:crouch_one_cm":23270,"minecraft:play_time":143741,"minecraft:deaths":1,"minecraft:sneak_time":7638,"minecraft:walk_under_water_one_cm":16314,"minecraft:jump":2245,"minecraft:walk_on_water_one_cm":15104,"minecraft:total_world_time":143741,"minecraft:fall_one_cm":41558},"minecraft:broken":{"minecraft:stone_pickaxe":2,"minecraft:stone_sword":1,"minecraft:iron_pickaxe":1},"minecraft:dropped":{"minecraft:stone_axe":2,"minecraft:stone_sword":1,"minecraft:stone_shovel":1,"minecraft:wooden_axe":1,"minecraft:spruce_log":2,"minecraft:wooden_pickaxe":1,"minecraft:stone_pickaxe":1,"minecraft:spruce_sapling":2},"minecraft:killed_by":{"minecraft:zombie":1}},"DataVersion":3953}