{"stats":{"minecraft:used":{"minecraft:cooked_mutton":9,"minecraft:stone_sword":121,"minecraft:stone_shovel":7,"minecraft:stone_pickaxe":359,"minecraft:wooden_pickaxe":36,"minecraft:spruce_planks":25,"minecraft:chest":5,"minecraft:shield":10,"minecraft:torch":166,"minecraft:dirt":1,"minecraft:crafting_table":9,"minecraft:white_bed":5,"minecraft:wooden_axe":2,"minecraft:iron_pickaxe":28,"minecraft:spruce_sapling":12,"minecraft:stone_axe":81,"minecraft:cobblestone":43,"minecraft:furnace":10,"minecraft:andesite":11},"minecraft:mined":{"minecraft:white_bed":4,"minecraft:cornflower":1,"minecraft:crafting_table":7,"minecraft:torch":2,"minecraft:short_grass":8,"minecraft:emerald_ore":1,"minecraft:grass_block":3,"minecraft:chest":1,"minecraft:cobblestone":2,"minecraft:copper_ore":3,"minecraft:spruce_leaves":39,"minecraft:wall_torch":2,"minecraft:furnace":5,"minecraft:iron_ore":17,"minecraft:fire":11,"minecraft:spruce_log":78,"minecraft:andesite":40,"minecraft:coal_ore":65,"minecraft:dirt":10,"minecraft:stone":286},"minecraft:picked_up":{"minecraft:crafting_table":7,"minecraft:andesite":40,"minecraft:brown_wool":2,"minecraft:potato":1,"minecraft:dirt":18,"minecraft:cornflower":1,"minecraft:string":3,"minecraft:raw_copper":15,"minecraft:wheat_seeds":2,"minecraft:stone_pickaxe":2,"minecraft:light_gray_wool":2,"minecraft:chest":1,"minecraft:furnace":5,"minecraft:stick":9,"minecraft:raw_iron":17,"minecraft:copper_ingot":2,"minecraft:torch":27,"minecraft:spruce_sapling":20,"minecraft:white_bed":4,"minecraft:spruce_log":88,"minecraft:stone_sword":1,"minecraft:rotten_flesh":9,"minecraft:stone_axe":1,"minecraft:gray_wool":2,"minecraft:emerald":1,"minecraft:mutton":46,"minecraft:coal":78,"minecraft:white_wool":23,"minecraft:cobblestone":288},"minecraft:killed":{"minecraft:spider":3,"minecraft:sheep":27,"minecraft:zombie":9,"minecraft:enderman":1},"minecraft:crafted":{"minecraft:stone_shovel":1,"minecraft:crafting_table":2,"minecraft:spruce_planks":148,"minecraft:wooden_pickaxe":1,"minecraft:iron_helmet":1,"minecraft:furnace":5,"minecraft:stone_axe":2,"minecraft:cooked_mutton":43,"minecraft:air":0,"minecraft:iron_chestplate":1,"minecraft:shield":1,"minecraft:stick":64,"minecraft:iron_ingot":17,"minecraft:iron_pickaxe":1,"minecraft:stone_pickaxe":3,"minecraft:wooden_axe":1,"minecraft:stone_sword":2,"minecraft:chest":4,"minecraft:white_bed":3,"minecraft:torch":188},"minecraft:custom":{"minecraft:interact_with_furnace":37,"minecraft:mob_kills":40,"minecraft:interact_with_crafting_table":25,"minecraft:leave_game":4,"minecraft:time_since_death":52469,"minecraft:sleep_in_bed":4,"minecraft:time_since_rest":7634,"minecraft:sprint_one_cm":179982,"minecraft:damage_taken":653,"minecraft:walk_one_cm":158648,"minecraft:damage_blocked_by_shield":424,"minecraft:drop":7,"minecraft:damage_dealt":4785,"minecraft:swim_one_cm":1170,"minecraft:fly_one_cm":166188,"minecraft:open_chest":12,"minecraft:crouch_one_cm":3185,"minecraft:play_time":67602,"minecraft:deaths":1,"minecraft:sneak_time":1190,"minecraft:walk_under_water_one_cm":1534,"minecraft:jump":991,"minecraft:walk_on_water_one_cm":2333,"minecraft:total_world_time":67602,"minecraft:fall_one_cm":19376},"minecraft:broken":{"minecraft:stone_pickaxe":2},"minecraft:dropped":{"minecraft:wooden_axe":1,"minecraft:spruce_log":2,"minecraft:stone_pickaxe":1,"minecraft:wooden_pickaxe":1,"minecraft:spruce_sapling":2},"minecraft:killed_by":{"minecraft:zombie":1}},"DataVersion":3953}