{"stats":{"minecraft:custom":{"minecraft:interact_with_furnace":7,"minecraft:mob_kills":6,"minecraft:interact_with_cartography_table":1,"minecraft:interact_with_crafting_table":22,"minecraft:leave_game":5,"minecraft:time_since_death":304604,"minecraft:sleep_in_bed":16,"minecraft:time_since_rest":8849,"minecraft:sprint_one_cm":392539,"minecraft:damage_taken":384,"minecraft:walk_one_cm":726165,"minecraft:drop":2,"minecraft:damage_dealt":177,"minecraft:fly_one_cm":27049,"minecraft:open_chest":23,"minecraft:crouch_one_cm":12764,"minecraft:play_time":332647,"minecraft:deaths":1,"minecraft:sneak_time":8367,"minecraft:walk_under_water_one_cm":14005,"minecraft:boat_one_cm":489694,"minecraft:jump":1328,"minecraft:walk_on_water_one_cm":39687,"minecraft:total_world_time":332647,"minecraft:fall_one_cm":9609},"minecraft:broken":{"minecraft:stone_pickaxe":3,"minecraft:wooden_shovel":3,"minecraft:wooden_pickaxe":2},"minecraft:crafted":{"minecraft:wooden_shovel":3,"minecraft:stone_shovel":5,"minecraft:crafting_table":3,"minecraft:spruce_planks":84,"minecraft:wooden_pickaxe":3,"minecraft:furnace":2,"minecraft:stone":56,"minecraft:bucket":1,"minecraft:lever":3,"minecraft:stick":108,"minecraft:iron_ingot":5,"minecraft:stone_pickaxe":6,"minecraft:chest":1,"minecraft:spruce_boat":1,"minecraft:torch":76},"minecraft:mined":{"minecraft:white_bed":5,"minecraft:brown_mushroom":2,"minecraft:cobblestone_stairs":1,"minecraft:spruce_door":1,"minecraft:dandelion":10,"minecraft:crafting_table":1,"minecraft:cornflower":8,"minecraft:torch":8,"minecraft:short_grass":135,"minecraft:grass_block":230,"minecraft:chest":2,"minecraft:tall_grass":87,"minecraft:copper_ore":8,"minecraft:cobblestone":3,"minecraft:spruce_leaves":21,"minecraft:blue_bed":1,"minecraft:wall_torch":5,"minecraft:large_fern":7,"minecraft:tall_seagrass":1,"minecraft:iron_ore":7,"minecraft:spruce_log":40,"minecraft:pumpkin":23,"minecraft:azure_bluet":1,"minecraft:coal_ore":78,"minecraft:dirt_path":1,"minecraft:dirt":111,"minecraft:sand":22,"minecraft:stone":556,"minecraft:fern":1},"minecraft:picked_up":{"minecraft:crafting_table":1,"minecraft:iron_chestplate":1,"minecraft:salmon":10,"minecraft:brown_mushroom":2,"minecraft:shield":2,"minecraft:cobblestone_stairs":1,"minecraft:dirt":347,"minecraft:cornflower":11,"minecraft:blue_bed":1,"minecraft:raw_copper":27,"minecraft:iron_leggings":1,"minecraft:cooked_mutton":11,"minecraft:wheat_seeds":35,"minecraft:spruce_planks":9,"minecraft:rose_bush":5,"minecraft:chest":2,"minecraft:iron_sword":1,"minecraft:iron_boots":1,"minecraft:stick":6,"minecraft:raw_iron":7,"minecraft:pumpkin":23,"minecraft:sweet_berries":35,"minecraft:torch":30,"minecraft:dandelion":11,"minecraft:sand":22,"minecraft:spruce_sapling":6,"minecraft:white_bed":5,"minecraft:spruce_log":38,"minecraft:spruce_door":1,"minecraft:stone_axe":1,"minecraft:spruce_boat":3,"minecraft:peony":9,"minecraft:iron_helmet":1,"minecraft:bread":4,"minecraft:glow_berries":1,"minecraft:coal":78,"minecraft:cobblestone":558},"minecraft:dropped":{"minecraft:wheat_seeds":5,"minecraft:ink_sac":1},"minecraft:killed":{"minecraft:salmon":6},"minecraft:used":{"minecraft:cooked_mutton":7,"minecraft:spruce_door":1,"minecraft:stone_shovel":90,"minecraft:stone_pickaxe":516,"minecraft:wooden_pickaxe":147,"minecraft:spruce_planks":48,"minecraft:chest":2,"minecraft:iron_sword":23,"minecraft:wooden_shovel":192,"minecraft:blue_bed":1,"minecraft:torch":70,"minecraft:glow_berries":1,"minecraft:dirt":287,"minecraft:crafting_table":4,"minecraft:white_bed":6,"minecraft:spruce_boat":3,"minecraft:bread":2,"minecraft:stone_axe":99,"minecraft:cobblestone":10,"minecraft:furnace":2,"minecraft:bucket":1}},"DataVersion":3953}