{"stats":{"minecraft:used":{"minecraft:wooden_pickaxe":59,"minecraft:torch":14,"minecraft:dirt":54,"minecraft:crafting_table":1,"minecraft:furnace":1,"minecraft:white_bed":3},"minecraft:picked_up":{"minecraft:iron_chestplate":1,"minecraft:salmon":5,"minecraft:brown_mushroom":2,"minecraft:torch":23,"minecraft:dandelion":11,"minecraft:sand":16,"minecraft:shield":1,"minecraft:white_bed":3,"minecraft:spruce_log":12,"minecraft:dirt":69,"minecraft:iron_leggings":1,"minecraft:stone_axe":1,"minecraft:wheat_seeds":3,"minecraft:spruce_planks":5,"minecraft:iron_helmet":1,"minecraft:iron_sword":1,"minecraft:coal":43,"minecraft:iron_boots":1,"minecraft:cobblestone":11},"minecraft:mined":{"minecraft:large_fern":1,"minecraft:white_bed":3,"minecraft:brown_mushroom":2,"minecraft:spruce_log":13,"minecraft:dandelion":10,"minecraft:torch":5,"minecraft:short_grass":29,"minecraft:coal_ore":43,"minecraft:grass_block":38,"minecraft:sand":16,"minecraft:dirt":31,"minecraft:stone":11,"minecraft:wall_torch":1},"minecraft:killed":{"minecraft:salmon":5},"minecraft:crafted":{"minecraft:crafting_table":1,"minecraft:spruce_planks":28,"minecraft:stick":36,"minecraft:wooden_pickaxe":1,"minecraft:furnace":1,"minecraft:lever":3,"minecraft:torch":36},"minecraft:custom":{"minecraft:time_since_rest":3199,"minecraft:interact_with_furnace":2,"minecraft:sprint_one_cm":11983,"minecraft:damage_taken":265,"minecraft:walk_one_cm":121129,"minecraft:mob_kills":5,"minecraft:damage_dealt":147,"minecraft:interact_with_crafting_table":6,"minecraft:fly_one_cm":744,"minecraft:open_chest":3,"minecraft:play_time":33402,"minecraft:deaths":1,"minecraft:walk_under_water_one_cm":10534,"minecraft:jump":308,"minecraft:walk_on_water_one_cm":14085,"minecraft:time_since_death":5359,"minecraft:sleep_in_bed":3,"minecraft:total_world_time":33402,"minecraft:fall_one_cm":3255},"minecraft:broken":{"minecraft:wooden_pickaxe":1}},"DataVersion":3953}