{"stats":{"minecraft:used":{"minecraft:cooked_mutton":2,"minecraft:wooden_pickaxe":59,"minecraft:iron_sword":13,"minecraft:wooden_shovel":30,"minecraft:torch":19,"minecraft:glow_berries":1,"minecraft:dirt":54,"minecraft:crafting_table":3,"minecraft:white_bed":6,"minecraft:spruce_boat":3,"minecraft:stone_axe":44,"minecraft:furnace":1},"minecraft:mined":{"minecraft:white_bed":5,"minecraft:brown_mushroom":2,"minecraft:dandelion":10,"minecraft:crafting_table":1,"minecraft:torch":8,"minecraft:short_grass":29,"minecraft:grass_block":59,"minecraft:chest":1,"minecraft:tall_grass":2,"minecraft:spruce_leaves":10,"minecraft:wall_torch":3,"minecraft:large_fern":7,"minecraft:tall_seagrass":1,"minecraft:spruce_log":27,"minecraft:pumpkin":23,"minecraft:coal_ore":43,"minecraft:sand":22,"minecraft:dirt":33,"minecraft:stone":11},"minecraft:picked_up":{"minecraft:iron_chestplate":1,"minecraft:crafting_table":1,"minecraft:salmon":10,"minecraft:brown_mushroom":2,"minecraft:shield":2,"minecraft:dirt":97,"minecraft:iron_leggings":1,"minecraft:cooked_mutton":11,"minecraft:wheat_seeds":6,"minecraft:spruce_planks":9,"minecraft:rose_bush":5,"minecraft:chest":1,"minecraft:iron_sword":1,"minecraft:iron_boots":1,"minecraft:stick":5,"minecraft:pumpkin":23,"minecraft:sweet_berries":35,"minecraft:torch":28,"minecraft:dandelion":11,"minecraft:sand":22,"minecraft:spruce_sapling":5,"minecraft:white_bed":5,"minecraft:spruce_log":26,"minecraft:stone_axe":1,"minecraft:spruce_boat":3,"minecraft:peony":9,"minecraft:iron_helmet":1,"minecraft:bread":4,"minecraft:glow_berries":1,"minecraft:coal":43,"minecraft:cobblestone":11},"minecraft:killed":{"minecraft:salmon":6},"minecraft:crafted":{"minecraft:wooden_shovel":1,"minecraft:crafting_table":3,"minecraft:spruce_planks":84,"minecraft:wooden_pickaxe":1,"minecraft:furnace":1,"minecraft:lever":3,"minecraft:stick":52,"minecraft:spruce_boat":1,"minecraft:torch":36},"minecraft:custom":{"minecraft:interact_with_furnace":2,"minecraft:mob_kills":6,"minecraft:interact_with_crafting_table":9,"minecraft:leave_game":2,"minecraft:time_since_death":70444,"minecraft:sleep_in_bed":8,"minecraft:time_since_rest":7441,"minecraft:sprint_one_cm":120119,"minecraft:damage_taken":310,"minecraft:walk_one_cm":379662,"minecraft:drop":2,"minecraft:damage_dealt":177,"minecraft:fly_one_cm":12520,"minecraft:open_chest":5,"minecraft:play_time":98487,"minecraft:deaths":1,"minecraft:sneak_time":2,"minecraft:walk_under_water_one_cm":13606,"minecraft:boat_one_cm":489694,"minecraft:jump":718,"minecraft:walk_on_water_one_cm":34408,"minecraft:total_world_time":98487,"minecraft:fall_one_cm":4209},"minecraft:broken":{"minecraft:wooden_pickaxe":1},"minecraft:dropped":{"minecraft:wheat_seeds":5,"minecraft:ink_sac":1}},"DataVersion":3953}