{"stats":{"minecraft:used":{"minecraft:spruce_boat":1,"minecraft:cooked_mutton":2,"minecraft:iron_sword":13,"minecraft:wooden_pickaxe":59,"minecraft:stone_axe":12,"minecraft:torch":14,"minecraft:glow_berries":1,"minecraft:dirt":54,"minecraft:crafting_table":2,"minecraft:furnace":1,"minecraft:white_bed":4},"minecraft:picked_up":{"minecraft:iron_chestplate":1,"minecraft:pumpkin":14,"minecraft:sweet_berries":26,"minecraft:salmon":5,"minecraft:brown_mushroom":2,"minecraft:torch":23,"minecraft:dandelion":11,"minecraft:sand":22,"minecraft:shield":2,"minecraft:spruce_log":19,"minecraft:white_bed":4,"minecraft:dirt":69,"minecraft:iron_leggings":1,"minecraft:cooked_mutton":11,"minecraft:stone_axe":1,"minecraft:peony":9,"minecraft:wheat_seeds":3,"minecraft:spruce_planks":9,"minecraft:iron_helmet":1,"minecraft:bread":4,"minecraft:glow_berries":1,"minecraft:coal":43,"minecraft:iron_sword":1,"minecraft:iron_boots":1,"minecraft:cobblestone":11},"minecraft:mined":{"minecraft:large_fern":1,"minecraft:tall_seagrass":1,"minecraft:brown_mushroom":2,"minecraft:white_bed":4,"minecraft:spruce_log":20,"minecraft:dandelion":10,"minecraft:pumpkin":14,"minecraft:torch":5,"minecraft:short_grass":29,"minecraft:grass_block":38,"minecraft:coal_ore":43,"minecraft:sand":22,"minecraft:dirt":31,"minecraft:stone":11,"minecraft:wall_torch":1},"minecraft:killed":{"minecraft:salmon":6},"minecraft:crafted":{"minecraft:crafting_table":2,"minecraft:spruce_planks":48,"minecraft:stick":36,"minecraft:wooden_pickaxe":1,"minecraft:furnace":1,"minecraft:spruce_boat":1,"minecraft:lever":3,"minecraft:torch":36},"minecraft:custom":{"minecraft:time_since_rest":4534,"minecraft:interact_with_furnace":2,"minecraft:sprint_one_cm":61521,"minecraft:damage_taken":281,"minecraft:walk_one_cm":208267,"minecraft:mob_kills":6,"minecraft:damage_dealt":177,"minecraft:interact_with_crafting_table":8,"minecraft:fly_one_cm":6666,"minecraft:open_chest":3,"minecraft:play_time":56487,"minecraft:deaths":1,"minecraft:walk_under_water_one_cm":13606,"minecraft:boat_one_cm":127601,"minecraft:jump":430,"minecraft:leave_game":2,"minecraft:time_since_death":28444,"minecraft:walk_on_water_one_cm":32936,"minecraft:sleep_in_bed":5,"minecraft:total_world_time":56487,"minecraft:fall_one_cm":3522},"minecraft:broken":{"minecraft:wooden_pickaxe":1}},"DataVersion":3953}