{"stats":{"minecraft:used":{"minecraft:dirt":17,"minecraft:white_bed":1},"minecraft:picked_up":{"minecraft:white_bed":1,"minecraft:spruce_log":12,"minecraft:dandelion":6,"minecraft:dirt":48},"minecraft:mined":{"minecraft:dandelion":1,"minecraft:grass_block":25,"minecraft:spruce_log":13,"minecraft:white_bed":1,"minecraft:dirt":23},"minecraft:crafted":{"minecraft:spruce_planks":28},"minecraft:custom":{"minecraft:jump":80,"minecraft:open_chest":1,"minecraft:time_since_rest":5495,"minecraft:damage_taken":225,"minecraft:sprint_one_cm":3896,"minecraft:play_time":9402,"minecraft:time_since_death":9402,"minecraft:walk_one_cm":34551,"minecraft:sleep_in_bed":1,"minecraft:total_world_time":9402,"minecraft:interact_with_crafting_table":1,"minecraft:fly_one_cm":238}},"DataVersion":3953}