{"stats":{"minecraft:crafted":{"minecraft:wooden_shovel":3,"minecraft:stone_shovel":5,"minecraft:crafting_table":3,"minecraft:spruce_planks":84,"minecraft:wooden_pickaxe":3,"minecraft:furnace":1,"minecraft:lever":3,"minecraft:stick":108,"minecraft:stone_pickaxe":6,"minecraft:spruce_boat":1,"minecraft:torch":76},"minecraft:dropped":{"minecraft:wheat_seeds":5,"minecraft:ink_sac":1},"minecraft:used":{"minecraft:cooked_mutton":7,"minecraft:spruce_door":1,"minecraft:stone_shovel":22,"minecraft:stone_pickaxe":151,"minecraft:spruce_planks":48,"minecraft:iron_sword":23,"minecraft:chest":1,"minecraft:wooden_pickaxe":147,"minecraft:blue_bed":1,"minecraft:wooden_shovel":192,"minecraft:torch":54,"minecraft:glow_berries":1,"minecraft:dirt":250,"minecraft:crafting_table":4,"minecraft:white_bed":6,"minecraft:spruce_boat":3,"minecraft:bread":2,"minecraft:stone_axe":99,"minecraft:cobblestone":10,"minecraft:furnace":1},"minecraft:broken":{"minecraft:wooden_shovel":3,"minecraft:wooden_pickaxe":2},"minecraft:killed":{"minecraft:salmon":6},"minecraft:custom":{"minecraft:interact_with_furnace":2,"minecraft:mob_kills":6,"minecraft:interact_with_cartography_table":1,"minecraft:interact_with_crafting_table":15,"minecraft:leave_game":4,"minecraft:time_since_death":166545,"minecraft:sleep_in_bed":15,"minecraft:time_since_rest":10505,"minecraft:sprint_one_cm":367016,"minecraft:damage_taken":344,"minecraft:walk_one_cm":657271,"minecraft:drop":2,"minecraft:damage_dealt":177,"minecraft:fly_one_cm":25543,"minecraft:open_chest":16,"minecraft:crouch_one_cm":10565,"minecraft:play_time":194588,"minecraft:deaths":1,"minecraft:sneak_time":4122,"minecraft:walk_under_water_one_cm":14005,"minecraft:boat_one_cm":489694,"minecraft:jump":1183,"minecraft:walk_on_water_one_cm":39687,"minecraft:total_world_time":194588,"minecraft:fall_one_cm":7685},"minecraft:mined":{"minecraft:brown_mushroom":2,"minecraft:white_bed":5,"minecraft:cobblestone_stairs":1,"minecraft:spruce_door":1,"minecraft:dandelion":10,"minecraft:crafting_table":1,"minecraft:cornflower":8,"minecraft:torch":8,"minecraft:short_grass":93,"minecraft:grass_block":191,"minecraft:chest":2,"minecraft:tall_grass":67,"minecraft:cobblestone":3,"minecraft:spruce_leaves":21,"minecraft:blue_bed":1,"minecraft:wall_torch":3,"minecraft:large_fern":7,"minecraft:tall_seagrass":1,"minecraft:spruce_log":40,"minecraft:pumpkin":23,"minecraft:coal_ore":78,"minecraft:dirt_path":1,"minecraft:dirt":84,"minecraft:sand":22,"minecraft:stone":206},"minecraft:picked_up":{"minecraft:crafting_table":1,"minecraft:iron_chestplate":1,"minecraft:salmon":10,"minecraft:brown_mushroom":2,"minecraft:shield":2,"minecraft:cobblestone_stairs":1,"minecraft:blue_bed":1,"minecraft:cornflower":10,"minecraft:dirt":281,"minecraft:iron_leggings":1,"minecraft:cooked_mutton":11,"minecraft:wheat_seeds":30,"minecraft:spruce_planks":9,"minecraft:rose_bush":5,"minecraft:chest":2,"minecraft:iron_sword":1,"minecraft:iron_boots":1,"minecraft:stick":6,"minecraft:pumpkin":23,"minecraft:sweet_berries":35,"minecraft:torch":28,"minecraft:dandelion":11,"minecraft:sand":22,"minecraft:spruce_sapling":6,"minecraft:white_bed":5,"minecraft:spruce_log":38,"minecraft:spruce_door":1,"minecraft:stone_axe":1,"minecraft:spruce_boat":3,"minecraft:peony":9,"minecraft:iron_helmet":1,"minecraft:bread":4,"minecraft:glow_berries":1,"minecraft:coal":78,"minecraft:cobblestone":209}},"DataVersion":3953}