{"stats":{"minecraft:crafted":{"minecraft:oak_planks":36,"minecraft:wooden_shovel":3,"minecraft:stone_shovel":7,"minecraft:crafting_table":3,"minecraft:spruce_planks":568,"minecraft:wooden_pickaxe":3,"minecraft:furnace":2,"minecraft:cooked_salmon":1,"minecraft:stone":56,"minecraft:bucket":1,"minecraft:lever":3,"minecraft:spruce_stairs":336,"minecraft:iron_axe":1,"minecraft:stick":196,"minecraft:iron_ingot":7,"minecraft:stone_pickaxe":7,"minecraft:chest":1,"minecraft:spruce_boat":1,"minecraft:torch":280,"minecraft:cooked_rabbit":1},"minecraft:dropped":{"minecraft:wheat_seeds":5,"minecraft:ink_sac":1},"minecraft:used":{"minecraft:cooked_mutton":9,"minecraft:water_bucket":1,"minecraft:spruce_door":1,"minecraft:stone_shovel":616,"minecraft:stone_pickaxe":772,"minecraft:wooden_pickaxe":147,"minecraft:spruce_planks":48,"minecraft:stone":56,"minecraft:cooked_salmon":1,"minecraft:chest":2,"minecraft:iron_sword":67,"minecraft:wooden_shovel":192,"minecraft:blue_bed":1,"minecraft:torch":81,"minecraft:glow_berries":1,"minecraft:dirt":498,"minecraft:crafting_table":4,"minecraft:spruce_stairs":260,"minecraft:white_bed":6,"minecraft:spruce_boat":4,"minecraft:iron_axe":182,"minecraft:bread":4,"minecraft:stone_axe":152,"minecraft:cobblestone":493,"minecraft:furnace":2,"minecraft:cooked_rabbit":1,"minecraft:bucket":1},"minecraft:broken":{"minecraft:stone_pickaxe":4,"minecraft:wooden_shovel":3,"minecraft:stone_axe":1,"minecraft:stone_shovel":4,"minecraft:wooden_pickaxe":2},"minecraft:killed":{"minecraft:salmon":6,"minecraft:rabbit":1},"minecraft:custom":{"minecraft:interact_with_furnace":10,"minecraft:mob_kills":7,"minecraft:interact_with_cartography_table":1,"minecraft:interact_with_crafting_table":33,"minecraft:leave_game":9,"minecraft:time_since_death":440516,"minecraft:sleep_in_bed":26,"minecraft:time_since_rest":12698,"minecraft:sprint_one_cm":619637,"minecraft:damage_taken":454,"minecraft:walk_one_cm":1027629,"minecraft:drop":2,"minecraft:damage_dealt":207,"minecraft:talked_to_villager":1,"minecraft:fly_one_cm":40513,"minecraft:open_chest":40,"minecraft:crouch_one_cm":59821,"minecraft:play_time":468559,"minecraft:deaths":1,"minecraft:sneak_time":30697,"minecraft:walk_under_water_one_cm":16405,"minecraft:boat_one_cm":575097,"minecraft:jump":2020,"minecraft:walk_on_water_one_cm":57895,"minecraft:total_world_time":468559,"minecraft:fall_one_cm":13282},"minecraft:mined":{"minecraft:white_bed":5,"minecraft:brown_mushroom":2,"minecraft:cobblestone_stairs":1,"minecraft:spruce_door":1,"minecraft:dandelion":10,"minecraft:crafting_table":1,"minecraft:cornflower":13,"minecraft:torch":8,"minecraft:short_grass":211,"minecraft:grass_block":666,"minecraft:chest":2,"minecraft:tall_grass":102,"minecraft:copper_ore":19,"minecraft:cobblestone":21,"minecraft:spruce_leaves":162,"minecraft:lapis_ore":2,"minecraft:sugar_cane":1,"minecraft:diorite":1,"minecraft:blue_bed":1,"minecraft:wall_torch":5,"minecraft:large_fern":7,"minecraft:spruce_stairs":19,"minecraft:tall_seagrass":1,"minecraft:iron_ore":7,"minecraft:spruce_log":151,"minecraft:pumpkin":23,"minecraft:azure_bluet":1,"minecraft:coal_ore":165,"minecraft:oak_log":9,"minecraft:gravel":1,"minecraft:dirt_path":1,"minecraft:dirt":201,"minecraft:sand":22,"minecraft:stone":661,"minecraft:oak_leaves":39,"minecraft:fern":1},"minecraft:picked_up":{"minecraft:iron_chestplate":1,"minecraft:crafting_table":1,"minecraft:salmon":10,"minecraft:brown_mushroom":2,"minecraft:lapis_lazuli":8,"minecraft:oak_log":9,"minecraft:shield":2,"minecraft:cobblestone_stairs":1,"minecraft:dirt":863,"minecraft:cornflower":42,"minecraft:blue_bed":1,"minecraft:raw_copper":73,"minecraft:iron_leggings":1,"minecraft:cooked_mutton":11,"minecraft:wheat_seeds":53,"minecraft:spruce_planks":9,"minecraft:rabbit_hide":1,"minecraft:rose_bush":5,"minecraft:rabbit":1,"minecraft:chest":2,"minecraft:iron_sword":1,"minecraft:iron_boots":1,"minecraft:stick":18,"minecraft:raw_iron":7,"minecraft:pumpkin":23,"minecraft:sweet_berries":35,"minecraft:torch":30,"minecraft:dandelion":11,"minecraft:spruce_stairs":19,"minecraft:sand":22,"minecraft:spruce_sapling":20,"minecraft:diorite":1,"minecraft:white_bed":5,"minecraft:spruce_log":147,"minecraft:spruce_door":1,"minecraft:stone_axe":1,"minecraft:spruce_boat":3,"minecraft:peony":9,"minecraft:iron_helmet":1,"minecraft:bread":4,"minecraft:oak_sapling":1,"minecraft:glow_berries":1,"minecraft:coal":164,"minecraft:cobblestone":681}},"DataVersion":3953}