{"stats":{"minecraft:crafted":{"minecraft:wooden_shovel":3,"minecraft:stone_shovel":5,"minecraft:crafting_table":3,"minecraft:spruce_planks":84,"minecraft:wooden_pickaxe":3,"minecraft:furnace":2,"minecraft:stone":56,"minecraft:bucket":1,"minecraft:lever":3,"minecraft:stick":108,"minecraft:iron_ingot":5,"minecraft:stone_pickaxe":6,"minecraft:chest":1,"minecraft:spruce_boat":1,"minecraft:torch":76},"minecraft:dropped":{"minecraft:wheat_seeds":5,"minecraft:ink_sac":1},"minecraft:used":{"minecraft:cooked_mutton":8,"minecraft:water_bucket":1,"minecraft:spruce_door":1,"minecraft:stone_shovel":174,"minecraft:stone_pickaxe":531,"minecraft:wooden_pickaxe":147,"minecraft:spruce_planks":48,"minecraft:chest":2,"minecraft:iron_sword":23,"minecraft:wooden_shovel":192,"minecraft:blue_bed":1,"minecraft:torch":70,"minecraft:glow_berries":1,"minecraft:dirt":414,"minecraft:crafting_table":4,"minecraft:white_bed":6,"minecraft:spruce_boat":3,"minecraft:bread":2,"minecraft:stone_axe":99,"minecraft:cobblestone":286,"minecraft:furnace":2,"minecraft:bucket":1},"minecraft:broken":{"minecraft:stone_pickaxe":4,"minecraft:wooden_shovel":3,"minecraft:stone_shovel":1,"minecraft:wooden_pickaxe":2},"minecraft:killed":{"minecraft:salmon":6},"minecraft:custom":{"minecraft:interact_with_furnace":7,"minecraft:mob_kills":6,"minecraft:interact_with_cartography_table":1,"minecraft:interact_with_crafting_table":22,"minecraft:leave_game":7,"minecraft:time_since_death":330745,"minecraft:sleep_in_bed":19,"minecraft:time_since_rest":2288,"minecraft:sprint_one_cm":424538,"minecraft:damage_taken":384,"minecraft:walk_one_cm":764929,"minecraft:drop":2,"minecraft:damage_dealt":177,"minecraft:fly_one_cm":28623,"minecraft:open_chest":23,"minecraft:crouch_one_cm":37799,"minecraft:play_time":358788,"minecraft:deaths":1,"minecraft:sneak_time":18450,"minecraft:walk_under_water_one_cm":14005,"minecraft:boat_one_cm":489694,"minecraft:jump":1459,"minecraft:walk_on_water_one_cm":41236,"minecraft:total_world_time":358788,"minecraft:fall_one_cm":9609},"minecraft:mined":{"minecraft:white_bed":5,"minecraft:brown_mushroom":2,"minecraft:cobblestone_stairs":1,"minecraft:spruce_door":1,"minecraft:dandelion":10,"minecraft:crafting_table":1,"minecraft:cornflower":10,"minecraft:torch":8,"minecraft:short_grass":143,"minecraft:grass_block":293,"minecraft:chest":2,"minecraft:tall_grass":89,"minecraft:copper_ore":8,"minecraft:cobblestone":16,"minecraft:spruce_leaves":21,"minecraft:blue_bed":1,"minecraft:wall_torch":5,"minecraft:large_fern":7,"minecraft:tall_seagrass":1,"minecraft:iron_ore":7,"minecraft:spruce_log":40,"minecraft:pumpkin":23,"minecraft:azure_bluet":1,"minecraft:coal_ore":78,"minecraft:dirt_path":1,"minecraft:dirt":133,"minecraft:sand":22,"minecraft:stone":557,"minecraft:fern":1},"minecraft:picked_up":{"minecraft:crafting_table":1,"minecraft:iron_chestplate":1,"minecraft:salmon":10,"minecraft:brown_mushroom":2,"minecraft:shield":2,"minecraft:cobblestone_stairs":1,"minecraft:dirt":429,"minecraft:cornflower":21,"minecraft:blue_bed":1,"minecraft:raw_copper":27,"minecraft:iron_leggings":1,"minecraft:cooked_mutton":11,"minecraft:wheat_seeds":38,"minecraft:spruce_planks":9,"minecraft:rose_bush":5,"minecraft:chest":2,"minecraft:iron_sword":1,"minecraft:iron_boots":1,"minecraft:stick":6,"minecraft:raw_iron":7,"minecraft:pumpkin":23,"minecraft:sweet_berries":35,"minecraft:torch":30,"minecraft:dandelion":11,"minecraft:sand":22,"minecraft:spruce_sapling":6,"minecraft:white_bed":5,"minecraft:spruce_log":38,"minecraft:spruce_door":1,"minecraft:stone_axe":1,"minecraft:spruce_boat":3,"minecraft:peony":9,"minecraft:iron_helmet":1,"minecraft:bread":4,"minecraft:glow_berries":1,"minecraft:coal":78,"minecraft:cobblestone":572}},"DataVersion":3953}