{"stats":{"minecraft:crafted":{"minecraft:wooden_shovel":3,"minecraft:stone_shovel":5,"minecraft:crafting_table":3,"minecraft:spruce_planks":568,"minecraft:wooden_pickaxe":3,"minecraft:furnace":2,"minecraft:stone":56,"minecraft:bucket":1,"minecraft:lever":3,"minecraft:spruce_stairs":336,"minecraft:iron_axe":1,"minecraft:stick":108,"minecraft:iron_ingot":7,"minecraft:stone_pickaxe":6,"minecraft:chest":1,"minecraft:spruce_boat":1,"minecraft:torch":76},"minecraft:dropped":{"minecraft:wheat_seeds":5,"minecraft:ink_sac":1},"minecraft:used":{"minecraft:cooked_mutton":9,"minecraft:water_bucket":1,"minecraft:spruce_door":1,"minecraft:stone_shovel":216,"minecraft:stone_pickaxe":564,"minecraft:stone":56,"minecraft:spruce_planks":48,"minecraft:wooden_pickaxe":147,"minecraft:chest":2,"minecraft:iron_sword":23,"minecraft:wooden_shovel":192,"minecraft:blue_bed":1,"minecraft:torch":78,"minecraft:glow_berries":1,"minecraft:dirt":450,"minecraft:crafting_table":4,"minecraft:spruce_stairs":260,"minecraft:white_bed":6,"minecraft:spruce_boat":3,"minecraft:iron_axe":162,"minecraft:bread":4,"minecraft:stone_axe":152,"minecraft:cobblestone":479,"minecraft:furnace":2,"minecraft:bucket":1},"minecraft:broken":{"minecraft:stone_pickaxe":4,"minecraft:wooden_shovel":3,"minecraft:stone_axe":1,"minecraft:stone_shovel":1,"minecraft:wooden_pickaxe":2},"minecraft:killed":{"minecraft:salmon":6},"minecraft:custom":{"minecraft:interact_with_furnace":8,"minecraft:mob_kills":6,"minecraft:interact_with_cartography_table":1,"minecraft:interact_with_crafting_table":27,"minecraft:leave_game":8,"minecraft:time_since_death":380977,"minecraft:sleep_in_bed":22,"minecraft:time_since_rest":5089,"minecraft:sprint_one_cm":484292,"minecraft:damage_taken":444,"minecraft:walk_one_cm":898160,"minecraft:drop":2,"minecraft:damage_dealt":177,"minecraft:fly_one_cm":30953,"minecraft:open_chest":28,"minecraft:crouch_one_cm":54677,"minecraft:play_time":409020,"minecraft:deaths":1,"minecraft:sneak_time":24219,"minecraft:walk_under_water_one_cm":14005,"minecraft:boat_one_cm":489694,"minecraft:jump":1761,"minecraft:walk_on_water_one_cm":41236,"minecraft:total_world_time":409020,"minecraft:fall_one_cm":11664},"minecraft:mined":{"minecraft:white_bed":5,"minecraft:brown_mushroom":2,"minecraft:cobblestone_stairs":1,"minecraft:spruce_door":1,"minecraft:dandelion":10,"minecraft:crafting_table":1,"minecraft:cornflower":12,"minecraft:torch":8,"minecraft:short_grass":159,"minecraft:grass_block":332,"minecraft:chest":2,"minecraft:copper_ore":8,"minecraft:tall_grass":89,"minecraft:cobblestone":18,"minecraft:spruce_leaves":162,"minecraft:blue_bed":1,"minecraft:wall_torch":5,"minecraft:large_fern":7,"minecraft:spruce_stairs":19,"minecraft:tall_seagrass":1,"minecraft:iron_ore":7,"minecraft:spruce_log":151,"minecraft:pumpkin":23,"minecraft:azure_bluet":1,"minecraft:coal_ore":78,"minecraft:dirt_path":1,"minecraft:dirt":136,"minecraft:sand":22,"minecraft:stone":560,"minecraft:fern":1},"minecraft:picked_up":{"minecraft:crafting_table":1,"minecraft:iron_chestplate":1,"minecraft:salmon":10,"minecraft:brown_mushroom":2,"minecraft:shield":2,"minecraft:cobblestone_stairs":1,"minecraft:dirt":471,"minecraft:cornflower":26,"minecraft:blue_bed":1,"minecraft:raw_copper":27,"minecraft:iron_leggings":1,"minecraft:cooked_mutton":11,"minecraft:wheat_seeds":42,"minecraft:spruce_planks":9,"minecraft:rose_bush":5,"minecraft:chest":2,"minecraft:iron_sword":1,"minecraft:iron_boots":1,"minecraft:stick":14,"minecraft:raw_iron":7,"minecraft:pumpkin":23,"minecraft:sweet_berries":35,"minecraft:torch":30,"minecraft:dandelion":11,"minecraft:spruce_stairs":19,"minecraft:sand":22,"minecraft:spruce_sapling":20,"minecraft:white_bed":5,"minecraft:spruce_log":147,"minecraft:spruce_door":1,"minecraft:stone_axe":1,"minecraft:spruce_boat":3,"minecraft:peony":9,"minecraft:iron_helmet":1,"minecraft:bread":4,"minecraft:glow_berries":1,"minecraft:coal":78,"minecraft:cobblestone":577}},"DataVersion":3953}