{"stats":{"minecraft:crafted":{"minecraft:wooden_shovel":3,"minecraft:crafting_table":3,"minecraft:spruce_planks":84,"minecraft:wooden_pickaxe":3,"minecraft:furnace":1,"minecraft:lever":3,"minecraft:stick":108,"minecraft:spruce_boat":1,"minecraft:torch":36},"minecraft:dropped":{"minecraft:wheat_seeds":5,"minecraft:ink_sac":1},"minecraft:used":{"minecraft:cooked_mutton":4,"minecraft:spruce_door":1,"minecraft:spruce_planks":48,"minecraft:iron_sword":23,"minecraft:chest":1,"minecraft:wooden_pickaxe":59,"minecraft:blue_bed":1,"minecraft:wooden_shovel":150,"minecraft:torch":36,"minecraft:glow_berries":1,"minecraft:dirt":201,"minecraft:crafting_table":4,"minecraft:white_bed":6,"minecraft:spruce_boat":3,"minecraft:bread":2,"minecraft:stone_axe":61,"minecraft:furnace":1},"minecraft:broken":{"minecraft:wooden_shovel":2,"minecraft:wooden_pickaxe":1},"minecraft:killed":{"minecraft:salmon":6},"minecraft:custom":{"minecraft:interact_with_furnace":2,"minecraft:mob_kills":6,"minecraft:interact_with_crafting_table":12,"minecraft:leave_game":4,"minecraft:time_since_death":130545,"minecraft:sleep_in_bed":13,"minecraft:time_since_rest":712,"minecraft:sprint_one_cm":246324,"minecraft:damage_taken":314,"minecraft:walk_one_cm":539797,"minecraft:drop":2,"minecraft:damage_dealt":177,"minecraft:fly_one_cm":17525,"minecraft:open_chest":9,"minecraft:crouch_one_cm":7384,"minecraft:play_time":158588,"minecraft:deaths":1,"minecraft:sneak_time":2806,"minecraft:walk_under_water_one_cm":13740,"minecraft:boat_one_cm":489694,"minecraft:jump":964,"minecraft:walk_on_water_one_cm":39561,"minecraft:total_world_time":158588,"minecraft:fall_one_cm":5972},"minecraft:mined":{"minecraft:brown_mushroom":2,"minecraft:white_bed":5,"minecraft:spruce_door":1,"minecraft:dandelion":10,"minecraft:crafting_table":1,"minecraft:cornflower":8,"minecraft:torch":8,"minecraft:short_grass":61,"minecraft:grass_block":153,"minecraft:chest":2,"minecraft:tall_grass":40,"minecraft:spruce_leaves":21,"minecraft:blue_bed":1,"minecraft:wall_torch":3,"minecraft:large_fern":7,"minecraft:tall_seagrass":1,"minecraft:spruce_log":33,"minecraft:pumpkin":23,"minecraft:coal_ore":43,"minecraft:dirt":60,"minecraft:sand":22,"minecraft:stone":11},"minecraft:picked_up":{"minecraft:crafting_table":1,"minecraft:iron_chestplate":1,"minecraft:salmon":10,"minecraft:brown_mushroom":2,"minecraft:shield":2,"minecraft:blue_bed":1,"minecraft:cornflower":8,"minecraft:dirt":216,"minecraft:iron_leggings":1,"minecraft:cooked_mutton":11,"minecraft:wheat_seeds":23,"minecraft:spruce_planks":9,"minecraft:rose_bush":5,"minecraft:chest":2,"minecraft:iron_sword":1,"minecraft:iron_boots":1,"minecraft:stick":6,"minecraft:pumpkin":23,"minecraft:sweet_berries":35,"minecraft:torch":28,"minecraft:dandelion":11,"minecraft:sand":22,"minecraft:spruce_sapling":6,"minecraft:white_bed":5,"minecraft:spruce_log":31,"minecraft:spruce_door":1,"minecraft:stone_axe":1,"minecraft:spruce_boat":3,"minecraft:peony":9,"minecraft:iron_helmet":1,"minecraft:bread":4,"minecraft:glow_berries":1,"minecraft:coal":43,"minecraft:cobblestone":11}},"DataVersion":3953}