{"stats":{"minecraft:used":{"minecraft:spruce_boat":2,"minecraft:cooked_mutton":2,"minecraft:iron_sword":13,"minecraft:wooden_pickaxe":59,"minecraft:wooden_shovel":20,"minecraft:stone_axe":27,"minecraft:torch":19,"minecraft:glow_berries":1,"minecraft:dirt":54,"minecraft:crafting_table":3,"minecraft:furnace":1,"minecraft:white_bed":5},"minecraft:picked_up":{"minecraft:crafting_table":1,"minecraft:stick":5,"minecraft:iron_chestplate":1,"minecraft:pumpkin":14,"minecraft:sweet_berries":26,"minecraft:salmon":5,"minecraft:brown_mushroom":2,"minecraft:torch":28,"minecraft:dandelion":11,"minecraft:sand":22,"minecraft:spruce_sapling":4,"minecraft:shield":2,"minecraft:spruce_log":26,"minecraft:white_bed":5,"minecraft:dirt":91,"minecraft:iron_leggings":1,"minecraft:cooked_mutton":11,"minecraft:spruce_boat":1,"minecraft:stone_axe":1,"minecraft:peony":9,"minecraft:wheat_seeds":4,"minecraft:spruce_planks":9,"minecraft:iron_helmet":1,"minecraft:bread":4,"minecraft:glow_berries":1,"minecraft:coal":43,"minecraft:iron_sword":1,"minecraft:iron_boots":1,"minecraft:cobblestone":11},"minecraft:mined":{"minecraft:large_fern":4,"minecraft:tall_seagrass":1,"minecraft:brown_mushroom":2,"minecraft:white_bed":5,"minecraft:spruce_log":27,"minecraft:dandelion":10,"minecraft:pumpkin":14,"minecraft:crafting_table":1,"minecraft:torch":8,"minecraft:short_grass":29,"minecraft:grass_block":59,"minecraft:coal_ore":43,"minecraft:sand":22,"minecraft:dirt":32,"minecraft:spruce_leaves":4,"minecraft:stone":11,"minecraft:wall_torch":3},"minecraft:killed":{"minecraft:salmon":6},"minecraft:crafted":{"minecraft:wooden_shovel":1,"minecraft:crafting_table":3,"minecraft:spruce_planks":84,"minecraft:stick":52,"minecraft:wooden_pickaxe":1,"minecraft:furnace":1,"minecraft:spruce_boat":1,"minecraft:lever":3,"minecraft:torch":36},"minecraft:custom":{"minecraft:time_since_rest":3418,"minecraft:interact_with_furnace":2,"minecraft:sprint_one_cm":67440,"minecraft:damage_taken":281,"minecraft:walk_one_cm":228335,"minecraft:mob_kills":6,"minecraft:damage_dealt":177,"minecraft:interact_with_crafting_table":9,"minecraft:fly_one_cm":7250,"minecraft:open_chest":3,"minecraft:play_time":68487,"minecraft:deaths":1,"minecraft:walk_under_water_one_cm":13606,"minecraft:boat_one_cm":307509,"minecraft:jump":459,"minecraft:leave_game":2,"minecraft:time_since_death":40444,"minecraft:walk_on_water_one_cm":33077,"minecraft:sleep_in_bed":6,"minecraft:total_world_time":68487,"minecraft:fall_one_cm":3731},"minecraft:broken":{"minecraft:wooden_pickaxe":1}},"DataVersion":3953}