{"stats":{"minecraft:killed_by":{"minecraft:skeleton":1,"minecraft:zombie":1},"minecraft:crafted":{"minecraft:cooked_beef":7,"minecraft:stone_shovel":1,"minecraft:crafting_table":3,"minecraft:spruce_planks":92,"minecraft:wooden_pickaxe":2,"minecraft:cooked_chicken":1,"minecraft:iron_sword":1,"minecraft:spruce_door":3,"minecraft:furnace":3,"minecraft:cooked_salmon":3,"minecraft:leather_helmet":1,"minecraft:bone_meal":9,"minecraft:bucket":1,"minecraft:stone_axe":3,"minecraft:bread":1,"minecraft:cooked_mutton":1,"minecraft:air":0,"minecraft:shield":2,"minecraft:iron_axe":1,"minecraft:stick":96,"minecraft:iron_ingot":18,"minecraft:stone_pickaxe":8,"minecraft:iron_pickaxe":1,"minecraft:white_bed":1,"minecraft:torch":220,"minecraft:stone_hoe":2},"minecraft:dropped":{"minecraft:dirt":1,"minecraft:stone_pickaxe":1,"minecraft:wooden_pickaxe":2},"minecraft:used":{"minecraft:wheat_seeds":21,"minecraft:cooked_mutton":1,"minecraft:water_bucket":1,"minecraft:diorite":12,"minecraft:spruce_door":2,"minecraft:stone_shovel":132,"minecraft:stone_pickaxe":873,"minecraft:wooden_pickaxe":50,"minecraft:shield":20,"minecraft:iron_sword":18,"minecraft:cooked_chicken":1,"minecraft:stone_hoe":90,"minecraft:torch":201,"minecraft:dirt":155,"minecraft:crafting_table":10,"minecraft:dripstone_block":13,"minecraft:white_bed":4,"minecraft:cod":3,"minecraft:granite":21,"minecraft:spruce_log":65,"minecraft:bread":1,"minecraft:iron_axe":9,"minecraft:iron_pickaxe":251,"minecraft:leather_helmet":1,"minecraft:stone_axe":234,"minecraft:cobblestone":308,"minecraft:sweet_berries":141,"minecraft:furnace":8,"minecraft:bucket":1,"minecraft:andesite":24,"minecraft:cooked_beef":7,"minecraft:bone_meal":9},"minecraft:broken":{"minecraft:stone_pickaxe":6,"minecraft:stone_axe":1,"minecraft:iron_pickaxe":1,"minecraft:stone_shovel":1},"minecraft:killed":{"minecraft:salmon":4,"minecraft:spider":2,"minecraft:cod":3,"minecraft:sheep":3,"minecraft:skeleton":5,"minecraft:zombie":4,"minecraft:chicken":10,"minecraft:cow":5},"minecraft:custom":{"minecraft:interact_with_furnace":36,"minecraft:mob_kills":38,"minecraft:interact_with_crafting_table":40,"minecraft:leave_game":18,"minecraft:time_since_death":16102,"minecraft:sleep_in_bed":13,"minecraft:time_since_rest":16131,"minecraft:sprint_one_cm":425977,"minecraft:damage_taken":2630,"minecraft:walk_one_cm":614363,"minecraft:damage_blocked_by_shield":718,"minecraft:drop":4,"minecraft:damage_dealt":3981,"minecraft:swim_one_cm":25622,"minecraft:fly_one_cm":270425,"minecraft:open_chest":7,"minecraft:crouch_one_cm":36800,"minecraft:play_time":274425,"minecraft:sneak_time":19625,"minecraft:deaths":4,"minecraft:walk_under_water_one_cm":33318,"minecraft:jump":3825,"minecraft:walk_on_water_one_cm":35443,"minecraft:total_world_time":274425,"minecraft:fall_one_cm":83803},"minecraft:mined":{"minecraft:white_bed":4,"minecraft:brown_mushroom":4,"minecraft:mossy_cobblestone":10,"minecraft:kelp_plant":1,"minecraft:crafting_table":9,"minecraft:torch":16,"minecraft:granite":29,"minecraft:short_grass":8,"minecraft:grass_block":69,"minecraft:poppy":1,"minecraft:copper_ore":4,"minecraft:cobblestone":51,"minecraft:spruce_leaves":72,"minecraft:diorite":12,"minecraft:wall_torch":7,"minecraft:large_fern":20,"minecraft:furnace":6,"minecraft:iron_ore":94,"minecraft:wheat":8,"minecraft:sweet_berry_bush":33,"minecraft:spruce_log":119,"minecraft:andesite":25,"minecraft:pointed_dripstone":1,"minecraft:coal_ore":300,"minecraft:dirt_path":3,"minecraft:dripstone_block":18,"minecraft:gravel":1,"minecraft:sand":12,"minecraft:dirt":97,"minecraft:stone":617,"minecraft:fern":14},"minecraft:picked_up":{"minecraft:crafting_table":9,"minecraft:wheat":7,"minecraft:feather":14,"minecraft:chicken":10,"minecraft:andesite":30,"minecraft:salmon":3,"minecraft:leather":8,"minecraft:brown_mushroom":4,"minecraft:wooden_pickaxe":4,"minecraft:shield":1,"minecraft:string":7,"minecraft:dirt":220,"minecraft:raw_copper":14,"minecraft:bone":8,"minecraft:bow":2,"minecraft:wheat_seeds":22,"minecraft:bucket":1,"minecraft:spruce_planks":8,"minecraft:stone_pickaxe":1,"minecraft:iron_ingot":89,"minecraft:beef":8,"minecraft:poppy":2,"minecraft:iron_pickaxe":1,"minecraft:stone_hoe":1,"minecraft:egg":1,"minecraft:furnace":6,"minecraft:stick":17,"minecraft:raw_iron":97,"minecraft:sweet_berries":189,"minecraft:torch":33,"minecraft:dripstone_block":15,"minecraft:gravel":1,"minecraft:sand":12,"minecraft:spruce_sapling":37,"minecraft:pointed_dripstone":2,"minecraft:diorite":12,"minecraft:white_bed":3,"minecraft:spruce_log":119,"minecraft:spider_eye":1,"minecraft:mossy_cobblestone":8,"minecraft:arrow":6,"minecraft:rotten_flesh":2,"minecraft:stone_shovel":1,"minecraft:granite":28,"minecraft:mutton":3,"minecraft:coal":388,"minecraft:cod":3,"minecraft:white_wool":3,"minecraft:cobblestone":890}},"DataVersion":3953}