{"stats":{"minecraft:used":{"minecraft:cooked_mutton":1,"minecraft:stone_pickaxe":182,"minecraft:wooden_pickaxe":8,"minecraft:torch":32,"minecraft:dirt":79,"minecraft:crafting_table":4,"minecraft:leather_helmet":1,"minecraft:stone_axe":77,"minecraft:cobblestone":37,"minecraft:furnace":3,"minecraft:cooked_beef":3},"minecraft:mined":{"minecraft:brown_mushroom":3,"minecraft:mossy_cobblestone":10,"minecraft:crafting_table":4,"minecraft:torch":5,"minecraft:grass_block":20,"minecraft:cobblestone":3,"minecraft:spruce_leaves":9,"minecraft:wall_torch":3,"minecraft:large_fern":1,"minecraft:furnace":3,"minecraft:iron_ore":2,"minecraft:sweet_berry_bush":4,"minecraft:spruce_log":23,"minecraft:coal_ore":99,"minecraft:gravel":1,"minecraft:dirt":63,"minecraft:stone":70,"minecraft:fern":1},"minecraft:picked_up":{"minecraft:crafting_table":4,"minecraft:feather":6,"minecraft:chicken":4,"minecraft:leather":8,"minecraft:brown_mushroom":3,"minecraft:wooden_pickaxe":1,"minecraft:string":1,"minecraft:dirt":84,"minecraft:wheat_seeds":1,"minecraft:beef":8,"minecraft:furnace":3,"minecraft:egg":1,"minecraft:raw_iron":2,"minecraft:sweet_berries":23,"minecraft:torch":8,"minecraft:gravel":1,"minecraft:spruce_sapling":7,"minecraft:spruce_log":23,"minecraft:mossy_cobblestone":8,"minecraft:arrow":1,"minecraft:mutton":2,"minecraft:coal":123,"minecraft:white_wool":2,"minecraft:cobblestone":73},"minecraft:killed":{"minecraft:spider":1,"minecraft:sheep":2,"minecraft:skeleton":1,"minecraft:zombie":1,"minecraft:chicken":4,"minecraft:cow":5},"minecraft:custom":{"minecraft:interact_with_furnace":12,"minecraft:mob_kills":14,"minecraft:interact_with_crafting_table":13,"minecraft:leave_game":7,"minecraft:time_since_death":69777,"minecraft:time_since_rest":69777,"minecraft:sprint_one_cm":104184,"minecraft:damage_taken":205,"minecraft:walk_one_cm":122445,"minecraft:drop":2,"minecraft:damage_dealt":1300,"minecraft:swim_one_cm":4213,"minecraft:fly_one_cm":62891,"minecraft:crouch_one_cm":1158,"minecraft:play_time":69777,"minecraft:sneak_time":676,"minecraft:walk_under_water_one_cm":4423,"minecraft:jump":801,"minecraft:walk_on_water_one_cm":13084,"minecraft:total_world_time":69777,"minecraft:fall_one_cm":13211},"minecraft:crafted":{"minecraft:cooked_beef":7,"minecraft:crafting_table":1,"minecraft:spruce_planks":28,"minecraft:wooden_pickaxe":1,"minecraft:furnace":1,"minecraft:leather_helmet":1,"minecraft:stone_axe":1,"minecraft:cooked_mutton":1,"minecraft:air":0,"minecraft:shield":1,"minecraft:stick":20,"minecraft:iron_ingot":1,"minecraft:stone_pickaxe":2,"minecraft:torch":40},"minecraft:broken":{"minecraft:stone_pickaxe":1},"minecraft:dropped":{"minecraft:dirt":1,"minecraft:wooden_pickaxe":1}},"DataVersion":3953}