{"stats":{"minecraft:used":{"minecraft:cooked_mutton":1,"minecraft:stone_pickaxe":65,"minecraft:leather_helmet":1,"minecraft:wooden_pickaxe":8,"minecraft:stone_axe":46,"minecraft:torch":7,"minecraft:dirt":76,"minecraft:cobblestone":7,"minecraft:crafting_table":3,"minecraft:furnace":3,"minecraft:cooked_beef":1},"minecraft:picked_up":{"minecraft:raw_iron":1,"minecraft:crafting_table":2,"minecraft:leather":6,"minecraft:brown_mushroom":3,"minecraft:torch":6,"minecraft:wooden_pickaxe":1,"minecraft:gravel":1,"minecraft:spruce_sapling":7,"minecraft:spruce_log":23,"minecraft:mossy_cobblestone":8,"minecraft:dirt":80,"minecraft:arrow":1,"minecraft:wheat_seeds":1,"minecraft:beef":7,"minecraft:mutton":1,"minecraft:coal":29,"minecraft:white_wool":1,"minecraft:cobblestone":28,"minecraft:furnace":2},"minecraft:mined":{"minecraft:large_fern":1,"minecraft:brown_mushroom":3,"minecraft:mossy_cobblestone":10,"minecraft:furnace":2,"minecraft:iron_ore":1,"minecraft:spruce_log":23,"minecraft:torch":4,"minecraft:crafting_table":2,"minecraft:grass_block":19,"minecraft:coal_ore":29,"minecraft:gravel":1,"minecraft:dirt":60,"minecraft:cobblestone":1,"minecraft:spruce_leaves":8,"minecraft:stone":27,"minecraft:wall_torch":2,"minecraft:fern":1},"minecraft:killed":{"minecraft:skeleton":1,"minecraft:sheep":1,"minecraft:cow":4},"minecraft:custom":{"minecraft:time_since_rest":46531,"minecraft:interact_with_furnace":10,"minecraft:sprint_one_cm":40861,"minecraft:damage_taken":65,"minecraft:walk_one_cm":51361,"minecraft:mob_kills":6,"minecraft:drop":2,"minecraft:damage_dealt":650,"minecraft:interact_with_crafting_table":12,"minecraft:fly_one_cm":22811,"minecraft:crouch_one_cm":92,"minecraft:play_time":46531,"minecraft:sneak_time":86,"minecraft:walk_under_water_one_cm":2449,"minecraft:jump":303,"minecraft:leave_game":4,"minecraft:walk_on_water_one_cm":5710,"minecraft:time_since_death":46531,"minecraft:total_world_time":46531,"minecraft:fall_one_cm":3524},"minecraft:crafted":{"minecraft:cooked_beef":5,"minecraft:shield":1,"minecraft:crafting_table":1,"minecraft:spruce_planks":20,"minecraft:stick":8,"minecraft:iron_ingot":1,"minecraft:wooden_pickaxe":1,"minecraft:stone_pickaxe":1,"minecraft:furnace":1,"minecraft:leather_helmet":1,"minecraft:torch":8,"minecraft:stone_axe":1,"minecraft:air":0,"minecraft:cooked_mutton":1},"minecraft:dropped":{"minecraft:dirt":1,"minecraft:wooden_pickaxe":1}},"DataVersion":3953}