{"stats":{"minecraft:used":{"minecraft:stone_axe":29,"minecraft:dirt":3,"minecraft:crafting_table":1,"minecraft:stone_pickaxe":27,"minecraft:wooden_pickaxe":7},"minecraft:picked_up":{"minecraft:crafting_table":1,"minecraft:gravel":1,"minecraft:spruce_sapling":7,"minecraft:spruce_log":23,"minecraft:coal":24,"minecraft:dirt":11,"minecraft:cobblestone":8},"minecraft:mined":{"minecraft:large_fern":1,"minecraft:grass_block":5,"minecraft:coal_ore":24,"minecraft:dirt":6,"minecraft:gravel":1,"minecraft:spruce_leaves":8,"minecraft:spruce_log":23,"minecraft:stone":8,"minecraft:crafting_table":1},"minecraft:crafted":{"minecraft:stone_axe":1,"minecraft:crafting_table":1,"minecraft:spruce_planks":12,"minecraft:stick":8,"minecraft:stone_pickaxe":1,"minecraft:wooden_pickaxe":1},"minecraft:custom":{"minecraft:time_since_rest":18767,"minecraft:sprint_one_cm":25192,"minecraft:play_time":18767,"minecraft:walk_one_cm":23103,"minecraft:drop":1,"minecraft:jump":151,"minecraft:leave_game":2,"minecraft:time_since_death":18767,"minecraft:total_world_time":18767,"minecraft:interact_with_crafting_table":4,"minecraft:fall_one_cm":3046,"minecraft:fly_one_cm":17355},"minecraft:dropped":{"minecraft:dirt":1}},"DataVersion":3953}