{"stats":{"minecraft:killed_by":{"minecraft:skeleton":1},"minecraft:crafted":{"minecraft:cooked_beef":7,"minecraft:crafting_table":3,"minecraft:spruce_planks":80,"minecraft:wooden_pickaxe":2,"minecraft:cooked_chicken":1,"minecraft:furnace":3,"minecraft:cooked_salmon":3,"minecraft:leather_helmet":1,"minecraft:stone_axe":3,"minecraft:cooked_mutton":1,"minecraft:air":0,"minecraft:shield":2,"minecraft:stick":68,"minecraft:iron_ingot":9,"minecraft:stone_pickaxe":8,"minecraft:white_bed":1,"minecraft:torch":128,"minecraft:stone_hoe":1},"minecraft:dropped":{"minecraft:dirt":1,"minecraft:stone_pickaxe":1,"minecraft:wooden_pickaxe":2},"minecraft:used":{"minecraft:wheat_seeds":3,"minecraft:cooked_mutton":1,"minecraft:stone_pickaxe":694,"minecraft:shield":5,"minecraft:wooden_pickaxe":50,"minecraft:stone_hoe":43,"minecraft:cooked_chicken":1,"minecraft:torch":103,"minecraft:dirt":113,"minecraft:crafting_table":7,"minecraft:white_bed":2,"minecraft:cod":3,"minecraft:dripstone_block":13,"minecraft:granite":19,"minecraft:spruce_log":4,"minecraft:leather_helmet":1,"minecraft:stone_axe":170,"minecraft:cobblestone":94,"minecraft:sweet_berries":89,"minecraft:furnace":5,"minecraft:andesite":17,"minecraft:cooked_beef":7},"minecraft:broken":{"minecraft:stone_pickaxe":4},"minecraft:killed":{"minecraft:salmon":4,"minecraft:spider":1,"minecraft:cod":3,"minecraft:sheep":3,"minecraft:skeleton":3,"minecraft:zombie":1,"minecraft:chicken":10,"minecraft:cow":5},"minecraft:custom":{"minecraft:interact_with_furnace":26,"minecraft:mob_kills":30,"minecraft:interact_with_crafting_table":30,"minecraft:leave_game":14,"minecraft:time_since_death":26398,"minecraft:sleep_in_bed":10,"minecraft:time_since_rest":26432,"minecraft:sprint_one_cm":311581,"minecraft:damage_taken":1915,"minecraft:walk_one_cm":392724,"minecraft:damage_blocked_by_shield":145,"minecraft:drop":4,"minecraft:damage_dealt":2494,"minecraft:swim_one_cm":25622,"minecraft:fly_one_cm":224031,"minecraft:open_chest":7,"minecraft:crouch_one_cm":29674,"minecraft:play_time":197574,"minecraft:deaths":3,"minecraft:sneak_time":16902,"minecraft:walk_under_water_one_cm":32354,"minecraft:jump":2751,"minecraft:walk_on_water_one_cm":26674,"minecraft:total_world_time":197574,"minecraft:fall_one_cm":65619},"minecraft:mined":{"minecraft:brown_mushroom":4,"minecraft:white_bed":1,"minecraft:mossy_cobblestone":10,"minecraft:kelp_plant":1,"minecraft:crafting_table":7,"minecraft:torch":8,"minecraft:granite":27,"minecraft:short_grass":6,"minecraft:grass_block":42,"minecraft:cobblestone":30,"minecraft:copper_ore":4,"minecraft:spruce_leaves":46,"minecraft:wall_torch":7,"minecraft:large_fern":20,"minecraft:furnace":4,"minecraft:iron_ore":22,"minecraft:sweet_berry_bush":26,"minecraft:spruce_log":81,"minecraft:andesite":21,"minecraft:coal_ore":201,"minecraft:gravel":1,"minecraft:dripstone_block":17,"minecraft:dirt":79,"minecraft:stone":402,"minecraft:fern":10},"minecraft:picked_up":{"minecraft:crafting_table":7,"minecraft:feather":14,"minecraft:chicken":10,"minecraft:salmon":3,"minecraft:andesite":19,"minecraft:leather":8,"minecraft:brown_mushroom":4,"minecraft:wooden_pickaxe":3,"minecraft:string":1,"minecraft:dirt":154,"minecraft:raw_copper":14,"minecraft:bone":2,"minecraft:bow":1,"minecraft:wheat_seeds":4,"minecraft:spruce_planks":3,"minecraft:beef":8,"minecraft:stone_pickaxe":1,"minecraft:furnace":4,"minecraft:egg":1,"minecraft:stick":8,"minecraft:raw_iron":22,"minecraft:sweet_berries":147,"minecraft:torch":15,"minecraft:dripstone_block":13,"minecraft:gravel":1,"minecraft:spruce_sapling":13,"minecraft:white_bed":1,"minecraft:spruce_log":80,"minecraft:mossy_cobblestone":8,"minecraft:arrow":3,"minecraft:granite":25,"minecraft:mutton":3,"minecraft:coal":225,"minecraft:cod":3,"minecraft:white_wool":3,"minecraft:cobblestone":454}},"DataVersion":3953}