{"stats":{"minecraft:killed_by":{"minecraft:skeleton":1,"minecraft:zombie":1},"minecraft:crafted":{"minecraft:stone_shovel":2,"minecraft:cooked_chicken":1,"minecraft:furnace":3,"minecraft:bone_meal":42,"minecraft:spruce_fence":9,"minecraft:cooked_mutton":3,"minecraft:glass_pane":32,"minecraft:glass":12,"minecraft:hopper":8,"minecraft:iron_boots":1,"minecraft:iron_axe":1,"minecraft:stone_pickaxe":8,"minecraft:chest":19,"minecraft:stone_hoe":2,"minecraft:cooked_beef":7,"minecraft:crafting_table":3,"minecraft:spruce_planks":296,"minecraft:wooden_pickaxe":2,"minecraft:iron_helmet":1,"minecraft:iron_sword":2,"minecraft:spruce_door":3,"minecraft:cooked_salmon":5,"minecraft:leather_helmet":1,"minecraft:bucket":1,"minecraft:stone_axe":3,"minecraft:bread":35,"minecraft:air":0,"minecraft:iron_chestplate":1,"minecraft:shield":2,"minecraft:stick":152,"minecraft:iron_ingot":170,"minecraft:iron_pickaxe":4,"minecraft:iron_leggings":1,"minecraft:gold_ingot":6,"minecraft:white_bed":2,"minecraft:torch":416},"minecraft:dropped":{"minecraft:dirt":1,"minecraft:cooked_salmon":1,"minecraft:stone_pickaxe":1,"minecraft:wooden_pickaxe":2},"minecraft:used":{"minecraft:stone_shovel":263,"minecraft:chest":11,"minecraft:shield":111,"minecraft:iron_sword":270,"minecraft:cooked_salmon":2,"minecraft:stone_hoe":182,"minecraft:cooked_chicken":1,"minecraft:torch":385,"minecraft:dirt":305,"minecraft:mutton":2,"minecraft:hopper":8,"minecraft:spruce_fence":9,"minecraft:granite":22,"minecraft:iron_axe":137,"minecraft:sweet_berries":146,"minecraft:furnace":8,"minecraft:cooked_beef":7,"minecraft:wheat_seeds":228,"minecraft:cooked_mutton":3,"minecraft:water_bucket":5,"minecraft:diorite":12,"minecraft:spruce_door":3,"minecraft:stone_pickaxe":873,"minecraft:wooden_pickaxe":50,"minecraft:crafting_table":15,"minecraft:white_bed":5,"minecraft:cod":3,"minecraft:dripstone_block":13,"minecraft:spruce_log":69,"minecraft:bread":27,"minecraft:iron_pickaxe":746,"minecraft:leather_helmet":1,"minecraft:spruce_sapling":1,"minecraft:gravel":1,"minecraft:stone_axe":234,"minecraft:cobblestone":344,"minecraft:andesite":24,"minecraft:bucket":5,"minecraft:glass_pane":12,"minecraft:bone_meal":42},"minecraft:broken":{"minecraft:stone_hoe":1,"minecraft:stone_pickaxe":6,"minecraft:stone_axe":1,"minecraft:iron_sword":1,"minecraft:iron_pickaxe":2,"minecraft:stone_shovel":1},"minecraft:killed":{"minecraft:spider":10,"minecraft:cod":3,"minecraft:skeleton":19,"minecraft:chicken":10,"minecraft:salmon":12,"minecraft:creeper":2,"minecraft:sheep":6,"minecraft:zombie":39,"minecraft:cow":5},"minecraft:custom":{"minecraft:mob_kills":112,"minecraft:inspect_hopper":2,"minecraft:interact_with_crafting_table":78,"minecraft:leave_game":29,"minecraft:time_since_death":226615,"minecraft:sprint_one_cm":622220,"minecraft:walk_one_cm":1137475,"minecraft:damage_blocked_by_shield":3403,"minecraft:drop":5,"minecraft:play_time":484938,"minecraft:deaths":4,"minecraft:sneak_time":24913,"minecraft:walk_under_water_one_cm":47633,"minecraft:jump":5822,"minecraft:walk_on_water_one_cm":54336,"minecraft:total_world_time":484938,"minecraft:interact_with_furnace":72,"minecraft:sleep_in_bed":21,"minecraft:time_since_rest":28504,"minecraft:damage_taken":4061,"minecraft:damage_dealt":15857,"minecraft:fly_one_cm":356211,"minecraft:swim_one_cm":25622,"minecraft:open_chest":32,"minecraft:crouch_one_cm":46832,"minecraft:fall_one_cm":108237},"minecraft:mined":{"minecraft:white_bed":4,"minecraft:farmland":17,"minecraft:mossy_cobblestone":10,"minecraft:granite":30,"minecraft:grass_block":169,"minecraft:spruce_leaves":121,"minecraft:large_fern":20,"minecraft:redstone_ore":8,"minecraft:furnace":6,"minecraft:iron_ore":224,"minecraft:andesite":26,"minecraft:pointed_dripstone":1,"minecraft:dirt_path":3,"minecraft:deepslate_iron_ore":13,"minecraft:stone":809,"minecraft:brown_mushroom":4,"minecraft:kelp_plant":1,"minecraft:crafting_table":15,"minecraft:torch":18,"minecraft:short_grass":8,"minecraft:poppy":1,"minecraft:cobblestone":63,"minecraft:copper_ore":4,"minecraft:deepslate_coal_ore":4,"minecraft:deepslate_gold_ore":1,"minecraft:diorite":14,"minecraft:wall_torch":8,"minecraft:sweet_berry_bush":34,"minecraft:wheat":109,"minecraft:spruce_log":195,"minecraft:coal_ore":413,"minecraft:dripstone_block":18,"minecraft:gravel":4,"minecraft:sand":12,"minecraft:dirt":113,"minecraft:gold_ore":14,"minecraft:deepslate":3,"minecraft:fern":18},"minecraft:picked_up":{"minecraft:crafting_table":15,"minecraft:wheat":109,"minecraft:chicken":10,"minecraft:brown_mushroom":4,"minecraft:wooden_pickaxe":4,"minecraft:shield":1,"minecraft:string":13,"minecraft:raw_copper":14,"minecraft:cooked_salmon":1,"minecraft:cobbled_deepslate":4,"minecraft:bucket":1,"minecraft:spruce_planks":8,"minecraft:beef":8,"minecraft:poppy":2,"minecraft:iron_pickaxe":1,"minecraft:egg":1,"minecraft:furnace":6,"minecraft:stick":28,"minecraft:raw_iron":239,"minecraft:torch":46,"minecraft:pointed_dripstone":2,"minecraft:diorite":14,"minecraft:redstone":34,"minecraft:rotten_flesh":34,"minecraft:arrow":21,"minecraft:stone_shovel":1,"minecraft:mutton":7,"minecraft:cod":3,"minecraft:white_wool":6,"minecraft:cobblestone":1095,"minecraft:feather":14,"minecraft:andesite":31,"minecraft:salmon":11,"minecraft:leather":8,"minecraft:gunpowder":1,"minecraft:dirt":363,"minecraft:bone":18,"minecraft:bow":3,"minecraft:wheat_seeds":329,"minecraft:raw_gold":15,"minecraft:iron_ingot":89,"minecraft:stone_pickaxe":1,"minecraft:stone_hoe":1,"minecraft:sweet_berries":189,"minecraft:dripstone_block":15,"minecraft:gravel":6,"minecraft:sand":12,"minecraft:spruce_sapling":68,"minecraft:white_bed":3,"minecraft:spruce_log":194,"minecraft:spider_eye":4,"minecraft:mossy_cobblestone":8,"minecraft:granite":30,"minecraft:coal":505}},"DataVersion":3953}