{"stats":{"minecraft:killed_by":{"minecraft:skeleton":1},"minecraft:crafted":{"minecraft:cooked_beef":7,"minecraft:crafting_table":3,"minecraft:spruce_planks":84,"minecraft:wooden_pickaxe":2,"minecraft:cooked_chicken":1,"minecraft:furnace":3,"minecraft:cooked_salmon":3,"minecraft:leather_helmet":1,"minecraft:stone_axe":3,"minecraft:cooked_mutton":1,"minecraft:air":0,"minecraft:shield":2,"minecraft:stick":92,"minecraft:iron_ingot":9,"minecraft:iron_pickaxe":1,"minecraft:stone_pickaxe":8,"minecraft:white_bed":1,"minecraft:torch":192,"minecraft:stone_hoe":1},"minecraft:dropped":{"minecraft:dirt":1,"minecraft:stone_pickaxe":1,"minecraft:wooden_pickaxe":2},"minecraft:used":{"minecraft:wheat_seeds":3,"minecraft:cooked_mutton":1,"minecraft:stone_pickaxe":873,"minecraft:wooden_pickaxe":50,"minecraft:shield":5,"minecraft:stone_hoe":43,"minecraft:cooked_chicken":1,"minecraft:torch":144,"minecraft:dirt":113,"minecraft:crafting_table":8,"minecraft:white_bed":2,"minecraft:cod":3,"minecraft:dripstone_block":13,"minecraft:granite":19,"minecraft:spruce_log":4,"minecraft:iron_pickaxe":18,"minecraft:leather_helmet":1,"minecraft:stone_axe":175,"minecraft:cobblestone":179,"minecraft:sweet_berries":104,"minecraft:furnace":5,"minecraft:andesite":17,"minecraft:cooked_beef":7},"minecraft:broken":{"minecraft:stone_pickaxe":6},"minecraft:killed":{"minecraft:salmon":4,"minecraft:spider":1,"minecraft:cod":3,"minecraft:sheep":3,"minecraft:skeleton":3,"minecraft:zombie":2,"minecraft:chicken":10,"minecraft:cow":5},"minecraft:custom":{"minecraft:interact_with_furnace":26,"minecraft:mob_kills":31,"minecraft:interact_with_crafting_table":31,"minecraft:leave_game":16,"minecraft:time_since_death":47423,"minecraft:sleep_in_bed":10,"minecraft:time_since_rest":47457,"minecraft:sprint_one_cm":333324,"minecraft:damage_taken":2045,"minecraft:walk_one_cm":445750,"minecraft:damage_blocked_by_shield":145,"minecraft:drop":4,"minecraft:damage_dealt":2696,"minecraft:swim_one_cm":25622,"minecraft:fly_one_cm":236222,"minecraft:open_chest":7,"minecraft:crouch_one_cm":33988,"minecraft:play_time":218599,"minecraft:deaths":3,"minecraft:sneak_time":18435,"minecraft:walk_under_water_one_cm":32606,"minecraft:jump":3073,"minecraft:walk_on_water_one_cm":30506,"minecraft:total_world_time":218599,"minecraft:fall_one_cm":72707},"minecraft:mined":{"minecraft:white_bed":1,"minecraft:brown_mushroom":4,"minecraft:mossy_cobblestone":10,"minecraft:kelp_plant":1,"minecraft:crafting_table":7,"minecraft:torch":11,"minecraft:granite":28,"minecraft:short_grass":6,"minecraft:grass_block":42,"minecraft:copper_ore":4,"minecraft:cobblestone":32,"minecraft:spruce_leaves":46,"minecraft:wall_torch":7,"minecraft:large_fern":20,"minecraft:furnace":4,"minecraft:iron_ore":54,"minecraft:sweet_berry_bush":26,"minecraft:spruce_log":81,"minecraft:andesite":21,"minecraft:pointed_dripstone":1,"minecraft:coal_ore":227,"minecraft:gravel":1,"minecraft:dripstone_block":18,"minecraft:dirt":79,"minecraft:stone":536,"minecraft:fern":10},"minecraft:picked_up":{"minecraft:crafting_table":7,"minecraft:feather":14,"minecraft:chicken":10,"minecraft:andesite":19,"minecraft:salmon":3,"minecraft:leather":8,"minecraft:brown_mushroom":4,"minecraft:wooden_pickaxe":3,"minecraft:string":1,"minecraft:dirt":154,"minecraft:raw_copper":14,"minecraft:bone":2,"minecraft:bow":1,"minecraft:wheat_seeds":4,"minecraft:spruce_planks":3,"minecraft:stone_pickaxe":1,"minecraft:beef":8,"minecraft:furnace":4,"minecraft:egg":1,"minecraft:stick":8,"minecraft:raw_iron":54,"minecraft:sweet_berries":147,"minecraft:torch":20,"minecraft:dripstone_block":14,"minecraft:gravel":1,"minecraft:spruce_sapling":13,"minecraft:pointed_dripstone":1,"minecraft:white_bed":1,"minecraft:spruce_log":80,"minecraft:mossy_cobblestone":8,"minecraft:arrow":3,"minecraft:granite":26,"minecraft:mutton":3,"minecraft:coal":251,"minecraft:cod":3,"minecraft:white_wool":3,"minecraft:cobblestone":589}},"DataVersion":3953}