{"stats":{"minecraft:used":{"minecraft:dirt":1},"minecraft:picked_up":{"minecraft:spruce_log":3,"minecraft:dirt":3},"minecraft:mined":{"minecraft:grass_block":1,"minecraft:spruce_log":3,"minecraft:dirt":2},"minecraft:crafted":{"minecraft:crafting_table":1,"minecraft:spruce_planks":12},"minecraft:custom":{"minecraft:jump":9,"minecraft:time_since_rest":9940,"minecraft:leave_game":1,"minecraft:sprint_one_cm":4523,"minecraft:play_time":9940,"minecraft:time_since_death":9940,"minecraft:walk_one_cm":3690,"minecraft:total_world_time":9940,"minecraft:fall_one_cm":209,"minecraft:fly_one_cm":1027}},"DataVersion":3953}