{"stats":{"minecraft:killed_by":{"minecraft:skeleton":1},"minecraft:crafted":{"minecraft:cooked_beef":7,"minecraft:crafting_table":3,"minecraft:spruce_planks":84,"minecraft:wooden_pickaxe":2,"minecraft:cooked_chicken":1,"minecraft:furnace":3,"minecraft:cooked_salmon":3,"minecraft:leather_helmet":1,"minecraft:bucket":1,"minecraft:stone_axe":3,"minecraft:cooked_mutton":1,"minecraft:air":0,"minecraft:shield":2,"minecraft:stick":92,"minecraft:iron_ingot":15,"minecraft:stone_pickaxe":8,"minecraft:iron_pickaxe":1,"minecraft:white_bed":1,"minecraft:torch":192,"minecraft:stone_hoe":1},"minecraft:dropped":{"minecraft:dirt":1,"minecraft:stone_pickaxe":1,"minecraft:wooden_pickaxe":2},"minecraft:used":{"minecraft:wheat_seeds":3,"minecraft:cooked_mutton":1,"minecraft:stone_pickaxe":873,"minecraft:wooden_pickaxe":50,"minecraft:shield":5,"minecraft:stone_hoe":43,"minecraft:cooked_chicken":1,"minecraft:torch":154,"minecraft:dirt":113,"minecraft:crafting_table":8,"minecraft:white_bed":2,"minecraft:cod":3,"minecraft:dripstone_block":13,"minecraft:granite":19,"minecraft:spruce_log":4,"minecraft:iron_pickaxe":82,"minecraft:leather_helmet":1,"minecraft:stone_axe":177,"minecraft:cobblestone":201,"minecraft:sweet_berries":124,"minecraft:furnace":6,"minecraft:bucket":1,"minecraft:andesite":17,"minecraft:cooked_beef":7},"minecraft:broken":{"minecraft:stone_pickaxe":6},"minecraft:killed":{"minecraft:salmon":4,"minecraft:spider":1,"minecraft:cod":3,"minecraft:sheep":3,"minecraft:skeleton":3,"minecraft:zombie":2,"minecraft:chicken":10,"minecraft:cow":5},"minecraft:custom":{"minecraft:interact_with_furnace":28,"minecraft:mob_kills":31,"minecraft:interact_with_crafting_table":32,"minecraft:leave_game":16,"minecraft:time_since_death":61423,"minecraft:sleep_in_bed":11,"minecraft:time_since_rest":4277,"minecraft:sprint_one_cm":351688,"minecraft:damage_taken":2185,"minecraft:walk_one_cm":475797,"minecraft:damage_blocked_by_shield":145,"minecraft:drop":4,"minecraft:damage_dealt":2696,"minecraft:swim_one_cm":25622,"minecraft:fly_one_cm":249221,"minecraft:open_chest":7,"minecraft:crouch_one_cm":34482,"minecraft:play_time":232599,"minecraft:deaths":3,"minecraft:sneak_time":18615,"minecraft:walk_under_water_one_cm":32871,"minecraft:jump":3335,"minecraft:walk_on_water_one_cm":30781,"minecraft:total_world_time":232599,"minecraft:fall_one_cm":77269},"minecraft:mined":{"minecraft:white_bed":2,"minecraft:brown_mushroom":4,"minecraft:mossy_cobblestone":10,"minecraft:kelp_plant":1,"minecraft:crafting_table":8,"minecraft:torch":12,"minecraft:granite":28,"minecraft:short_grass":6,"minecraft:grass_block":42,"minecraft:copper_ore":4,"minecraft:cobblestone":32,"minecraft:spruce_leaves":46,"minecraft:wall_torch":7,"minecraft:large_fern":20,"minecraft:furnace":4,"minecraft:iron_ore":60,"minecraft:sweet_berry_bush":31,"minecraft:spruce_log":81,"minecraft:andesite":25,"minecraft:pointed_dripstone":1,"minecraft:coal_ore":251,"minecraft:gravel":1,"minecraft:dripstone_block":18,"minecraft:dirt":79,"minecraft:stone":566,"minecraft:fern":10},"minecraft:picked_up":{"minecraft:crafting_table":8,"minecraft:feather":14,"minecraft:chicken":10,"minecraft:andesite":23,"minecraft:salmon":3,"minecraft:leather":8,"minecraft:brown_mushroom":4,"minecraft:wooden_pickaxe":3,"minecraft:string":1,"minecraft:dirt":154,"minecraft:raw_copper":14,"minecraft:bone":2,"minecraft:bow":1,"minecraft:wheat_seeds":4,"minecraft:spruce_planks":3,"minecraft:stone_pickaxe":1,"minecraft:beef":8,"minecraft:furnace":4,"minecraft:egg":1,"minecraft:stick":8,"minecraft:raw_iron":60,"minecraft:sweet_berries":154,"minecraft:torch":21,"minecraft:dripstone_block":14,"minecraft:gravel":1,"minecraft:spruce_sapling":13,"minecraft:pointed_dripstone":1,"minecraft:white_bed":1,"minecraft:spruce_log":80,"minecraft:mossy_cobblestone":8,"minecraft:arrow":3,"minecraft:granite":26,"minecraft:mutton":3,"minecraft:coal":275,"minecraft:cod":3,"minecraft:white_wool":3,"minecraft:cobblestone":618}},"DataVersion":3953}