{"stats":{"minecraft:killed_by":{"minecraft:skeleton":1,"minecraft:zombie":1},"minecraft:crafted":{"minecraft:cooked_beef":7,"minecraft:stone_shovel":1,"minecraft:crafting_table":3,"minecraft:spruce_planks":116,"minecraft:wooden_pickaxe":2,"minecraft:cooked_chicken":1,"minecraft:iron_sword":1,"minecraft:spruce_door":3,"minecraft:furnace":3,"minecraft:cooked_salmon":3,"minecraft:leather_helmet":1,"minecraft:bone_meal":21,"minecraft:bucket":1,"minecraft:stone_axe":3,"minecraft:bread":4,"minecraft:cooked_mutton":1,"minecraft:air":0,"minecraft:glass_pane":32,"minecraft:glass":12,"minecraft:shield":2,"minecraft:iron_axe":1,"minecraft:stick":112,"minecraft:iron_ingot":18,"minecraft:stone_pickaxe":8,"minecraft:iron_pickaxe":3,"minecraft:chest":1,"minecraft:white_bed":1,"minecraft:torch":268,"minecraft:stone_hoe":2},"minecraft:dropped":{"minecraft:dirt":1,"minecraft:stone_pickaxe":1,"minecraft:wooden_pickaxe":2},"minecraft:used":{"minecraft:wheat_seeds":40,"minecraft:cooked_mutton":1,"minecraft:water_bucket":1,"minecraft:diorite":12,"minecraft:spruce_door":2,"minecraft:stone_shovel":132,"minecraft:stone_pickaxe":873,"minecraft:chest":1,"minecraft:wooden_pickaxe":50,"minecraft:shield":24,"minecraft:iron_sword":27,"minecraft:cooked_chicken":1,"minecraft:stone_hoe":90,"minecraft:torch":228,"minecraft:dirt":155,"minecraft:crafting_table":10,"minecraft:dripstone_block":13,"minecraft:white_bed":4,"minecraft:cod":3,"minecraft:granite":21,"minecraft:spruce_log":65,"minecraft:bread":4,"minecraft:iron_axe":9,"minecraft:iron_pickaxe":343,"minecraft:leather_helmet":1,"minecraft:gravel":1,"minecraft:stone_axe":234,"minecraft:cobblestone":322,"minecraft:sweet_berries":146,"minecraft:furnace":8,"minecraft:bucket":1,"minecraft:andesite":24,"minecraft:glass_pane":12,"minecraft:cooked_beef":7,"minecraft:bone_meal":21},"minecraft:broken":{"minecraft:stone_pickaxe":6,"minecraft:stone_axe":1,"minecraft:iron_pickaxe":1,"minecraft:stone_shovel":1},"minecraft:killed":{"minecraft:salmon":4,"minecraft:spider":2,"minecraft:cod":3,"minecraft:sheep":3,"minecraft:skeleton":6,"minecraft:zombie":5,"minecraft:chicken":10,"minecraft:cow":5},"minecraft:custom":{"minecraft:interact_with_furnace":40,"minecraft:mob_kills":40,"minecraft:interact_with_crafting_table":44,"minecraft:leave_game":18,"minecraft:time_since_death":28102,"minecraft:sleep_in_bed":14,"minecraft:time_since_rest":9883,"minecraft:sprint_one_cm":439780,"minecraft:damage_taken":2730,"minecraft:walk_one_cm":656772,"minecraft:damage_blocked_by_shield":926,"minecraft:drop":4,"minecraft:damage_dealt":4471,"minecraft:swim_one_cm":25622,"minecraft:fly_one_cm":275982,"minecraft:open_chest":8,"minecraft:crouch_one_cm":40851,"minecraft:play_time":286425,"minecraft:sneak_time":21665,"minecraft:deaths":4,"minecraft:walk_under_water_one_cm":33396,"minecraft:jump":4036,"minecraft:walk_on_water_one_cm":35610,"minecraft:total_world_time":286425,"minecraft:fall_one_cm":85605},"minecraft:mined":{"minecraft:white_bed":4,"minecraft:brown_mushroom":4,"minecraft:mossy_cobblestone":10,"minecraft:kelp_plant":1,"minecraft:crafting_table":9,"minecraft:torch":17,"minecraft:granite":29,"minecraft:short_grass":8,"minecraft:grass_block":69,"minecraft:poppy":1,"minecraft:copper_ore":4,"minecraft:cobblestone":53,"minecraft:spruce_leaves":72,"minecraft:diorite":13,"minecraft:wall_torch":7,"minecraft:large_fern":20,"minecraft:furnace":6,"minecraft:iron_ore":124,"minecraft:wheat":15,"minecraft:sweet_berry_bush":34,"minecraft:spruce_log":119,"minecraft:andesite":26,"minecraft:pointed_dripstone":1,"minecraft:coal_ore":331,"minecraft:dirt_path":3,"minecraft:dripstone_block":18,"minecraft:gravel":1,"minecraft:sand":12,"minecraft:dirt":97,"minecraft:stone":640,"minecraft:gold_ore":4,"minecraft:fern":14},"minecraft:picked_up":{"minecraft:crafting_table":9,"minecraft:wheat":14,"minecraft:feather":14,"minecraft:chicken":10,"minecraft:andesite":31,"minecraft:salmon":3,"minecraft:leather":8,"minecraft:brown_mushroom":4,"minecraft:wooden_pickaxe":4,"minecraft:shield":1,"minecraft:string":7,"minecraft:dirt":220,"minecraft:raw_copper":14,"minecraft:bone":9,"minecraft:raw_gold":4,"minecraft:bow":2,"minecraft:wheat_seeds":41,"minecraft:bucket":1,"minecraft:spruce_planks":8,"minecraft:stone_pickaxe":1,"minecraft:iron_ingot":89,"minecraft:beef":8,"minecraft:poppy":2,"minecraft:iron_pickaxe":1,"minecraft:stone_hoe":1,"minecraft:egg":1,"minecraft:furnace":6,"minecraft:stick":17,"minecraft:raw_iron":126,"minecraft:sweet_berries":189,"minecraft:torch":34,"minecraft:dripstone_block":15,"minecraft:gravel":2,"minecraft:sand":12,"minecraft:spruce_sapling":37,"minecraft:pointed_dripstone":2,"minecraft:diorite":13,"minecraft:white_bed":3,"minecraft:spruce_log":119,"minecraft:spider_eye":1,"minecraft:mossy_cobblestone":8,"minecraft:arrow":6,"minecraft:rotten_flesh":2,"minecraft:stone_shovel":1,"minecraft:granite":28,"minecraft:mutton":3,"minecraft:coal":419,"minecraft:cod":3,"minecraft:white_wool":3,"minecraft:cobblestone":916}},"DataVersion":3953}