{"stats":{"minecraft:killed_by":{"minecraft:skeleton":1,"minecraft:zombie":1},"minecraft:crafted":{"minecraft:cooked_beef":7,"minecraft:stone_shovel":1,"minecraft:crafting_table":3,"minecraft:spruce_planks":92,"minecraft:wooden_pickaxe":2,"minecraft:cooked_chicken":1,"minecraft:iron_sword":1,"minecraft:spruce_door":3,"minecraft:furnace":3,"minecraft:cooked_salmon":3,"minecraft:leather_helmet":1,"minecraft:bone_meal":6,"minecraft:bucket":1,"minecraft:stone_axe":3,"minecraft:bread":1,"minecraft:cooked_mutton":1,"minecraft:air":0,"minecraft:shield":2,"minecraft:iron_axe":1,"minecraft:stick":92,"minecraft:iron_ingot":15,"minecraft:stone_pickaxe":8,"minecraft:iron_pickaxe":1,"minecraft:white_bed":1,"minecraft:torch":192,"minecraft:stone_hoe":2},"minecraft:dropped":{"minecraft:dirt":1,"minecraft:stone_pickaxe":1,"minecraft:wooden_pickaxe":2},"minecraft:used":{"minecraft:wheat_seeds":11,"minecraft:cooked_mutton":1,"minecraft:water_bucket":1,"minecraft:spruce_door":2,"minecraft:stone_shovel":132,"minecraft:stone_pickaxe":873,"minecraft:shield":8,"minecraft:wooden_pickaxe":50,"minecraft:cooked_chicken":1,"minecraft:stone_hoe":73,"minecraft:torch":175,"minecraft:dirt":155,"minecraft:crafting_table":10,"minecraft:white_bed":4,"minecraft:cod":3,"minecraft:dripstone_block":13,"minecraft:granite":19,"minecraft:spruce_log":65,"minecraft:iron_axe":9,"minecraft:bread":1,"minecraft:iron_pickaxe":148,"minecraft:leather_helmet":1,"minecraft:stone_axe":234,"minecraft:cobblestone":308,"minecraft:sweet_berries":133,"minecraft:furnace":8,"minecraft:bucket":1,"minecraft:andesite":17,"minecraft:cooked_beef":7,"minecraft:bone_meal":6},"minecraft:broken":{"minecraft:stone_pickaxe":6,"minecraft:stone_axe":1,"minecraft:stone_shovel":1},"minecraft:killed":{"minecraft:salmon":4,"minecraft:spider":1,"minecraft:cod":3,"minecraft:sheep":3,"minecraft:skeleton":4,"minecraft:zombie":2,"minecraft:chicken":10,"minecraft:cow":5},"minecraft:custom":{"minecraft:interact_with_furnace":30,"minecraft:mob_kills":33,"minecraft:interact_with_crafting_table":40,"minecraft:leave_game":17,"minecraft:time_since_death":4183,"minecraft:sleep_in_bed":13,"minecraft:time_since_rest":4212,"minecraft:sprint_one_cm":407748,"minecraft:damage_taken":2475,"minecraft:walk_one_cm":573166,"minecraft:damage_blocked_by_shield":235,"minecraft:drop":4,"minecraft:damage_dealt":3049,"minecraft:swim_one_cm":25622,"minecraft:fly_one_cm":262652,"minecraft:open_chest":7,"minecraft:crouch_one_cm":36191,"minecraft:play_time":262506,"minecraft:deaths":4,"minecraft:sneak_time":19345,"minecraft:walk_under_water_one_cm":33318,"minecraft:jump":3665,"minecraft:walk_on_water_one_cm":31564,"minecraft:total_world_time":262506,"minecraft:fall_one_cm":81599},"minecraft:mined":{"minecraft:white_bed":4,"minecraft:brown_mushroom":4,"minecraft:mossy_cobblestone":10,"minecraft:kelp_plant":1,"minecraft:crafting_table":9,"minecraft:torch":14,"minecraft:granite":28,"minecraft:short_grass":8,"minecraft:grass_block":64,"minecraft:poppy":1,"minecraft:cobblestone":51,"minecraft:copper_ore":4,"minecraft:spruce_leaves":72,"minecraft:wall_torch":7,"minecraft:large_fern":20,"minecraft:furnace":6,"minecraft:iron_ore":60,"minecraft:wheat":6,"minecraft:sweet_berry_bush":33,"minecraft:spruce_log":119,"minecraft:andesite":25,"minecraft:pointed_dripstone":1,"minecraft:coal_ore":259,"minecraft:dirt_path":3,"minecraft:sand":12,"minecraft:gravel":1,"minecraft:dripstone_block":18,"minecraft:dirt":95,"minecraft:stone":602,"minecraft:fern":14},"minecraft:picked_up":{"minecraft:crafting_table":9,"minecraft:wheat":5,"minecraft:feather":14,"minecraft:chicken":10,"minecraft:andesite":28,"minecraft:salmon":3,"minecraft:leather":8,"minecraft:brown_mushroom":4,"minecraft:wooden_pickaxe":4,"minecraft:shield":1,"minecraft:string":5,"minecraft:dirt":213,"minecraft:raw_copper":14,"minecraft:bone":4,"minecraft:bow":2,"minecraft:bucket":1,"minecraft:wheat_seeds":16,"minecraft:iron_ingot":89,"minecraft:spruce_planks":8,"minecraft:beef":8,"minecraft:stone_pickaxe":1,"minecraft:poppy":2,"minecraft:iron_pickaxe":1,"minecraft:stone_hoe":1,"minecraft:furnace":6,"minecraft:egg":1,"minecraft:stick":17,"minecraft:raw_iron":63,"minecraft:sweet_berries":189,"minecraft:torch":31,"minecraft:sand":12,"minecraft:dripstone_block":15,"minecraft:gravel":1,"minecraft:spruce_sapling":35,"minecraft:pointed_dripstone":2,"minecraft:white_bed":3,"minecraft:spruce_log":119,"minecraft:spider_eye":1,"minecraft:mossy_cobblestone":8,"minecraft:stone_shovel":1,"minecraft:arrow":5,"minecraft:granite":27,"minecraft:mutton":3,"minecraft:coal":347,"minecraft:cod":3,"minecraft:white_wool":3,"minecraft:cobblestone":875}},"DataVersion":3953}