{"stats":{"minecraft:used":{"minecraft:cooked_mutton":1,"minecraft:stone_pickaxe":108,"minecraft:leather_helmet":1,"minecraft:wooden_pickaxe":8,"minecraft:stone_axe":59,"minecraft:torch":18,"minecraft:dirt":79,"minecraft:cobblestone":32,"minecraft:crafting_table":3,"minecraft:furnace":3,"minecraft:cooked_beef":2},"minecraft:picked_up":{"minecraft:raw_iron":2,"minecraft:crafting_table":3,"minecraft:feather":3,"minecraft:chicken":2,"minecraft:leather":6,"minecraft:brown_mushroom":3,"minecraft:torch":8,"minecraft:wooden_pickaxe":1,"minecraft:gravel":1,"minecraft:spruce_sapling":7,"minecraft:spruce_log":23,"minecraft:mossy_cobblestone":8,"minecraft:dirt":84,"minecraft:arrow":1,"minecraft:wheat_seeds":1,"minecraft:beef":7,"minecraft:egg":1,"minecraft:mutton":1,"minecraft:coal":70,"minecraft:white_wool":1,"minecraft:cobblestone":52,"minecraft:furnace":3},"minecraft:mined":{"minecraft:large_fern":1,"minecraft:brown_mushroom":3,"minecraft:furnace":3,"minecraft:mossy_cobblestone":10,"minecraft:iron_ore":2,"minecraft:spruce_log":23,"minecraft:crafting_table":3,"minecraft:torch":5,"minecraft:grass_block":20,"minecraft:coal_ore":46,"minecraft:gravel":1,"minecraft:dirt":63,"minecraft:cobblestone":2,"minecraft:spruce_leaves":9,"minecraft:stone":50,"minecraft:wall_torch":3,"minecraft:fern":1},"minecraft:killed":{"minecraft:skeleton":1,"minecraft:sheep":1,"minecraft:zombie":1,"minecraft:chicken":2,"minecraft:cow":4},"minecraft:custom":{"minecraft:time_since_rest":58938,"minecraft:interact_with_furnace":12,"minecraft:sprint_one_cm":76327,"minecraft:damage_taken":95,"minecraft:walk_one_cm":87388,"minecraft:drop":2,"minecraft:mob_kills":9,"minecraft:damage_dealt":881,"minecraft:swim_one_cm":1491,"minecraft:interact_with_crafting_table":12,"minecraft:fly_one_cm":43493,"minecraft:crouch_one_cm":1060,"minecraft:play_time":58938,"minecraft:sneak_time":635,"minecraft:walk_under_water_one_cm":3675,"minecraft:jump":582,"minecraft:leave_game":5,"minecraft:walk_on_water_one_cm":9799,"minecraft:time_since_death":58938,"minecraft:total_world_time":58938,"minecraft:fall_one_cm":7741},"minecraft:crafted":{"minecraft:cooked_beef":7,"minecraft:shield":1,"minecraft:crafting_table":1,"minecraft:spruce_planks":28,"minecraft:stick":16,"minecraft:stone_pickaxe":1,"minecraft:iron_ingot":1,"minecraft:wooden_pickaxe":1,"minecraft:furnace":1,"minecraft:leather_helmet":1,"minecraft:torch":40,"minecraft:stone_axe":1,"minecraft:air":0,"minecraft:cooked_mutton":1},"minecraft:dropped":{"minecraft:dirt":1,"minecraft:wooden_pickaxe":1}},"DataVersion":3953}