{"stats":{"minecraft:custom":{"minecraft:mob_kills":93,"minecraft:interact_with_crafting_table":63,"minecraft:leave_game":23,"minecraft:time_since_death":180674,"minecraft:sprint_one_cm":556954,"minecraft:walk_one_cm":992442,"minecraft:damage_blocked_by_shield":3046,"minecraft:drop":5,"minecraft:play_time":438997,"minecraft:deaths":4,"minecraft:sneak_time":23876,"minecraft:walk_under_water_one_cm":47633,"minecraft:jump":5453,"minecraft:walk_on_water_one_cm":53414,"minecraft:total_world_time":438997,"minecraft:interact_with_furnace":66,"minecraft:sleep_in_bed":19,"minecraft:time_since_rest":57865,"minecraft:damage_taken":3679,"minecraft:damage_dealt":12093,"minecraft:fly_one_cm":326895,"minecraft:swim_one_cm":25622,"minecraft:open_chest":18,"minecraft:crouch_one_cm":45411,"minecraft:fall_one_cm":101648},"minecraft:broken":{"minecraft:stone_pickaxe":6,"minecraft:stone_axe":1,"minecraft:iron_pickaxe":2,"minecraft:stone_shovel":1},"minecraft:crafted":{"minecraft:stone_shovel":2,"minecraft:cooked_chicken":1,"minecraft:furnace":3,"minecraft:bone_meal":42,"minecraft:cooked_mutton":3,"minecraft:glass_pane":32,"minecraft:glass":12,"minecraft:iron_boots":1,"minecraft:iron_axe":1,"minecraft:stone_pickaxe":8,"minecraft:chest":3,"minecraft:stone_hoe":2,"minecraft:cooked_beef":7,"minecraft:crafting_table":3,"minecraft:spruce_planks":144,"minecraft:wooden_pickaxe":2,"minecraft:iron_helmet":1,"minecraft:iron_sword":1,"minecraft:spruce_door":3,"minecraft:cooked_salmon":5,"minecraft:leather_helmet":1,"minecraft:bucket":1,"minecraft:stone_axe":3,"minecraft:bread":18,"minecraft:air":0,"minecraft:iron_chestplate":1,"minecraft:shield":2,"minecraft:stick":148,"minecraft:iron_ingot":129,"minecraft:iron_pickaxe":4,"minecraft:iron_leggings":1,"minecraft:gold_ingot":4,"minecraft:white_bed":2,"minecraft:torch":368},"minecraft:mined":{"minecraft:white_bed":4,"minecraft:mossy_cobblestone":10,"minecraft:granite":30,"minecraft:grass_block":158,"minecraft:spruce_leaves":107,"minecraft:large_fern":20,"minecraft:redstone_ore":8,"minecraft:furnace":6,"minecraft:iron_ore":211,"minecraft:andesite":26,"minecraft:pointed_dripstone":1,"minecraft:dirt_path":3,"minecraft:deepslate_iron_ore":2,"minecraft:stone":797,"minecraft:brown_mushroom":4,"minecraft:kelp_plant":1,"minecraft:crafting_table":14,"minecraft:torch":18,"minecraft:short_grass":8,"minecraft:poppy":1,"minecraft:cobblestone":63,"minecraft:copper_ore":4,"minecraft:diorite":14,"minecraft:wall_torch":8,"minecraft:sweet_berry_bush":34,"minecraft:wheat":102,"minecraft:spruce_log":161,"minecraft:coal_ore":400,"minecraft:dirt":98,"minecraft:dripstone_block":18,"minecraft:gravel":4,"minecraft:sand":12,"minecraft:gold_ore":6,"minecraft:deepslate":2,"minecraft:fern":18},"minecraft:picked_up":{"minecraft:crafting_table":14,"minecraft:wheat":105,"minecraft:chicken":10,"minecraft:brown_mushroom":4,"minecraft:wooden_pickaxe":4,"minecraft:shield":1,"minecraft:string":13,"minecraft:raw_copper":14,"minecraft:cooked_salmon":1,"minecraft:cobbled_deepslate":3,"minecraft:bucket":1,"minecraft:spruce_planks":8,"minecraft:beef":8,"minecraft:poppy":2,"minecraft:iron_pickaxe":1,"minecraft:egg":1,"minecraft:furnace":6,"minecraft:raw_iron":215,"minecraft:stick":27,"minecraft:torch":43,"minecraft:pointed_dripstone":2,"minecraft:diorite":14,"minecraft:redstone":34,"minecraft:rotten_flesh":19,"minecraft:arrow":19,"minecraft:stone_shovel":1,"minecraft:mutton":7,"minecraft:cod":3,"minecraft:white_wool":6,"minecraft:cobblestone":1088,"minecraft:feather":14,"minecraft:andesite":31,"minecraft:salmon":11,"minecraft:leather":8,"minecraft:dirt":319,"minecraft:bone":15,"minecraft:bow":3,"minecraft:wheat_seeds":312,"minecraft:raw_gold":6,"minecraft:iron_ingot":89,"minecraft:stone_pickaxe":1,"minecraft:stone_hoe":1,"minecraft:sweet_berries":189,"minecraft:dripstone_block":15,"minecraft:gravel":6,"minecraft:sand":12,"minecraft:spruce_sapling":62,"minecraft:white_bed":3,"minecraft:spruce_log":160,"minecraft:spider_eye":4,"minecraft:mossy_cobblestone":8,"minecraft:granite":29,"minecraft:coal":490},"minecraft:dropped":{"minecraft:dirt":1,"minecraft:cooked_salmon":1,"minecraft:stone_pickaxe":1,"minecraft:wooden_pickaxe":2},"minecraft:killed":{"minecraft:spider":9,"minecraft:cod":3,"minecraft:skeleton":17,"minecraft:chicken":10,"minecraft:salmon":12,"minecraft:creeper":1,"minecraft:sheep":6,"minecraft:zombie":25,"minecraft:cow":5},"minecraft:killed_by":{"minecraft:skeleton":1,"minecraft:zombie":1},"minecraft:used":{"minecraft:stone_shovel":225,"minecraft:chest":3,"minecraft:shield":104,"minecraft:iron_sword":195,"minecraft:cooked_salmon":2,"minecraft:stone_hoe":149,"minecraft:cooked_chicken":1,"minecraft:torch":347,"minecraft:dirt":193,"minecraft:mutton":2,"minecraft:granite":22,"minecraft:iron_axe":89,"minecraft:sweet_berries":146,"minecraft:furnace":8,"minecraft:cooked_beef":7,"minecraft:wheat_seeds":155,"minecraft:cooked_mutton":3,"minecraft:water_bucket":3,"minecraft:diorite":12,"minecraft:spruce_door":2,"minecraft:stone_pickaxe":873,"minecraft:wooden_pickaxe":50,"minecraft:crafting_table":14,"minecraft:white_bed":5,"minecraft:cod":3,"minecraft:dripstone_block":13,"minecraft:spruce_log":68,"minecraft:bread":18,"minecraft:iron_pickaxe":683,"minecraft:leather_helmet":1,"minecraft:spruce_sapling":1,"minecraft:gravel":1,"minecraft:stone_axe":234,"minecraft:cobblestone":344,"minecraft:andesite":24,"minecraft:bucket":3,"minecraft:glass_pane":12,"minecraft:bone_meal":42}},"DataVersion":3953}