{"stats":{"minecraft:used":{"minecraft:wheat_seeds":3,"minecraft:cooked_mutton":1,"minecraft:stone_pickaxe":318,"minecraft:wooden_pickaxe":8,"minecraft:cooked_chicken":1,"minecraft:stone_hoe":43,"minecraft:torch":42,"minecraft:dirt":96,"minecraft:crafting_table":4,"minecraft:white_bed":1,"minecraft:dripstone_block":12,"minecraft:granite":19,"minecraft:spruce_log":3,"minecraft:leather_helmet":1,"minecraft:stone_axe":101,"minecraft:cobblestone":53,"minecraft:sweet_berries":2,"minecraft:furnace":4,"minecraft:andesite":1,"minecraft:cooked_beef":7},"minecraft:mined":{"minecraft:brown_mushroom":4,"minecraft:mossy_cobblestone":10,"minecraft:crafting_table":4,"minecraft:torch":8,"minecraft:granite":19,"minecraft:short_grass":5,"minecraft:grass_block":35,"minecraft:copper_ore":3,"minecraft:cobblestone":3,"minecraft:spruce_leaves":14,"minecraft:wall_torch":5,"minecraft:large_fern":20,"minecraft:furnace":3,"minecraft:iron_ore":2,"minecraft:sweet_berry_bush":5,"minecraft:spruce_log":40,"minecraft:andesite":1,"minecraft:coal_ore":141,"minecraft:dripstone_block":14,"minecraft:gravel":1,"minecraft:dirt":66,"minecraft:stone":127,"minecraft:fern":10},"minecraft:picked_up":{"minecraft:crafting_table":4,"minecraft:feather":14,"minecraft:chicken":10,"minecraft:andesite":1,"minecraft:leather":8,"minecraft:brown_mushroom":4,"minecraft:wooden_pickaxe":1,"minecraft:string":1,"minecraft:dirt":116,"minecraft:raw_copper":10,"minecraft:wheat_seeds":4,"minecraft:beef":8,"minecraft:egg":1,"minecraft:furnace":3,"minecraft:stick":4,"minecraft:raw_iron":2,"minecraft:sweet_berries":25,"minecraft:torch":13,"minecraft:dripstone_block":12,"minecraft:gravel":1,"minecraft:spruce_sapling":9,"minecraft:spruce_log":40,"minecraft:mossy_cobblestone":8,"minecraft:arrow":1,"minecraft:granite":19,"minecraft:mutton":3,"minecraft:coal":165,"minecraft:white_wool":3,"minecraft:cobblestone":128},"minecraft:killed":{"minecraft:spider":1,"minecraft:sheep":3,"minecraft:skeleton":1,"minecraft:zombie":1,"minecraft:chicken":10,"minecraft:cow":5},"minecraft:custom":{"minecraft:interact_with_furnace":20,"minecraft:mob_kills":21,"minecraft:interact_with_crafting_table":21,"minecraft:leave_game":9,"minecraft:time_since_death":33386,"minecraft:sleep_in_bed":3,"minecraft:time_since_rest":5495,"minecraft:sprint_one_cm":242946,"minecraft:damage_taken":765,"minecraft:walk_one_cm":268568,"minecraft:drop":2,"minecraft:damage_dealt":1885,"minecraft:swim_one_cm":13895,"minecraft:fly_one_cm":164948,"minecraft:open_chest":7,"minecraft:crouch_one_cm":12008,"minecraft:play_time":117481,"minecraft:deaths":1,"minecraft:sneak_time":7768,"minecraft:walk_under_water_one_cm":9518,"minecraft:jump":1753,"minecraft:walk_on_water_one_cm":19998,"minecraft:total_world_time":117481,"minecraft:fall_one_cm":43279},"minecraft:crafted":{"minecraft:cooked_beef":7,"minecraft:crafting_table":1,"minecraft:spruce_planks":48,"minecraft:cooked_chicken":1,"minecraft:wooden_pickaxe":1,"minecraft:furnace":2,"minecraft:leather_helmet":1,"minecraft:stone_axe":2,"minecraft:cooked_mutton":1,"minecraft:air":0,"minecraft:shield":1,"minecraft:stick":48,"minecraft:iron_ingot":1,"minecraft:stone_pickaxe":3,"minecraft:white_bed":1,"minecraft:torch":80,"minecraft:stone_hoe":1},"minecraft:broken":{"minecraft:stone_pickaxe":1},"minecraft:dropped":{"minecraft:dirt":1,"minecraft:wooden_pickaxe":1}},"DataVersion":3953}