{"stats":{"minecraft:custom":{"minecraft:mob_kills":62,"minecraft:interact_with_crafting_table":52,"minecraft:leave_game":20,"minecraft:time_since_death":146280,"minecraft:sprint_one_cm":516665,"minecraft:walk_one_cm":868701,"minecraft:damage_blocked_by_shield":1328,"minecraft:drop":5,"minecraft:play_time":404603,"minecraft:deaths":4,"minecraft:sneak_time":22791,"minecraft:walk_under_water_one_cm":43109,"minecraft:jump":4820,"minecraft:walk_on_water_one_cm":52216,"minecraft:total_world_time":404603,"minecraft:interact_with_furnace":61,"minecraft:sleep_in_bed":19,"minecraft:time_since_rest":23471,"minecraft:damage_taken":2985,"minecraft:damage_dealt":6741,"minecraft:fly_one_cm":296031,"minecraft:swim_one_cm":25622,"minecraft:open_chest":15,"minecraft:crouch_one_cm":43361,"minecraft:fall_one_cm":94813},"minecraft:broken":{"minecraft:stone_pickaxe":6,"minecraft:stone_axe":1,"minecraft:iron_pickaxe":2,"minecraft:stone_shovel":1},"minecraft:crafted":{"minecraft:stone_shovel":2,"minecraft:cooked_chicken":1,"minecraft:furnace":3,"minecraft:bone_meal":27,"minecraft:cooked_mutton":3,"minecraft:glass_pane":32,"minecraft:glass":12,"minecraft:iron_boots":1,"minecraft:iron_axe":1,"minecraft:stone_pickaxe":8,"minecraft:chest":1,"minecraft:stone_hoe":2,"minecraft:cooked_beef":7,"minecraft:crafting_table":3,"minecraft:spruce_planks":116,"minecraft:wooden_pickaxe":2,"minecraft:iron_helmet":1,"minecraft:iron_sword":1,"minecraft:spruce_door":3,"minecraft:cooked_salmon":5,"minecraft:leather_helmet":1,"minecraft:bucket":1,"minecraft:stone_axe":3,"minecraft:bread":18,"minecraft:air":0,"minecraft:iron_chestplate":1,"minecraft:shield":2,"minecraft:stick":124,"minecraft:iron_ingot":129,"minecraft:iron_pickaxe":4,"minecraft:gold_ingot":4,"minecraft:iron_leggings":1,"minecraft:white_bed":2,"minecraft:torch":316},"minecraft:mined":{"minecraft:white_bed":4,"minecraft:mossy_cobblestone":10,"minecraft:granite":30,"minecraft:grass_block":120,"minecraft:spruce_leaves":107,"minecraft:large_fern":20,"minecraft:furnace":6,"minecraft:iron_ore":184,"minecraft:andesite":26,"minecraft:pointed_dripstone":1,"minecraft:dirt_path":3,"minecraft:stone":732,"minecraft:brown_mushroom":4,"minecraft:kelp_plant":1,"minecraft:crafting_table":12,"minecraft:torch":18,"minecraft:short_grass":8,"minecraft:poppy":1,"minecraft:cobblestone":56,"minecraft:copper_ore":4,"minecraft:diorite":13,"minecraft:wall_torch":7,"minecraft:sweet_berry_bush":34,"minecraft:wheat":53,"minecraft:spruce_log":160,"minecraft:coal_ore":376,"minecraft:dirt":98,"minecraft:dripstone_block":18,"minecraft:gravel":4,"minecraft:sand":12,"minecraft:gold_ore":4,"minecraft:fern":17},"minecraft:picked_up":{"minecraft:crafting_table":12,"minecraft:wheat":56,"minecraft:chicken":10,"minecraft:brown_mushroom":4,"minecraft:wooden_pickaxe":4,"minecraft:shield":1,"minecraft:string":8,"minecraft:raw_copper":14,"minecraft:cooked_salmon":1,"minecraft:bucket":1,"minecraft:spruce_planks":8,"minecraft:beef":8,"minecraft:poppy":2,"minecraft:iron_pickaxe":1,"minecraft:furnace":6,"minecraft:egg":1,"minecraft:raw_iron":186,"minecraft:stick":27,"minecraft:torch":39,"minecraft:pointed_dripstone":2,"minecraft:diorite":13,"minecraft:arrow":11,"minecraft:rotten_flesh":8,"minecraft:stone_shovel":1,"minecraft:mutton":7,"minecraft:cod":3,"minecraft:white_wool":6,"minecraft:cobblestone":1012,"minecraft:feather":14,"minecraft:salmon":11,"minecraft:andesite":31,"minecraft:leather":8,"minecraft:dirt":282,"minecraft:bone":11,"minecraft:bow":3,"minecraft:wheat_seeds":178,"minecraft:raw_gold":4,"minecraft:iron_ingot":89,"minecraft:stone_pickaxe":1,"minecraft:stone_hoe":1,"minecraft:sweet_berries":189,"minecraft:gravel":6,"minecraft:dripstone_block":15,"minecraft:sand":12,"minecraft:spruce_sapling":62,"minecraft:white_bed":3,"minecraft:spruce_log":159,"minecraft:spider_eye":2,"minecraft:mossy_cobblestone":8,"minecraft:granite":29,"minecraft:coal":466},"minecraft:dropped":{"minecraft:dirt":1,"minecraft:cooked_salmon":1,"minecraft:stone_pickaxe":1,"minecraft:wooden_pickaxe":2},"minecraft:killed":{"minecraft:spider":5,"minecraft:cod":3,"minecraft:skeleton":10,"minecraft:chicken":10,"minecraft:salmon":12,"minecraft:creeper":1,"minecraft:sheep":6,"minecraft:zombie":8,"minecraft:cow":5},"minecraft:killed_by":{"minecraft:skeleton":1,"minecraft:zombie":1},"minecraft:used":{"minecraft:stone_shovel":186,"minecraft:chest":1,"minecraft:shield":38,"minecraft:iron_sword":82,"minecraft:cooked_salmon":2,"minecraft:stone_hoe":149,"minecraft:cooked_chicken":1,"minecraft:torch":298,"minecraft:dirt":193,"minecraft:mutton":2,"minecraft:granite":22,"minecraft:iron_axe":86,"minecraft:sweet_berries":146,"minecraft:furnace":8,"minecraft:cooked_beef":7,"minecraft:wheat_seeds":155,"minecraft:cooked_mutton":3,"minecraft:water_bucket":3,"minecraft:diorite":12,"minecraft:spruce_door":2,"minecraft:stone_pickaxe":873,"minecraft:wooden_pickaxe":50,"minecraft:crafting_table":12,"minecraft:white_bed":5,"minecraft:cod":3,"minecraft:dripstone_block":13,"minecraft:spruce_log":67,"minecraft:bread":5,"minecraft:iron_pickaxe":544,"minecraft:leather_helmet":1,"minecraft:spruce_sapling":1,"minecraft:gravel":1,"minecraft:stone_axe":234,"minecraft:cobblestone":335,"minecraft:andesite":24,"minecraft:bucket":3,"minecraft:glass_pane":12,"minecraft:bone_meal":27}},"DataVersion":3953}