{"stats":{"minecraft:used":{"minecraft:cooked_mutton":1,"minecraft:stone_pickaxe":53,"minecraft:wooden_pickaxe":8,"minecraft:stone_axe":36,"minecraft:torch":5,"minecraft:dirt":76,"minecraft:cobblestone":1,"minecraft:crafting_table":2,"minecraft:furnace":2},"minecraft:picked_up":{"minecraft:crafting_table":1,"minecraft:raw_iron":1,"minecraft:brown_mushroom":2,"minecraft:torch":1,"minecraft:wooden_pickaxe":1,"minecraft:gravel":1,"minecraft:spruce_sapling":7,"minecraft:spruce_log":23,"minecraft:dirt":77,"minecraft:arrow":1,"minecraft:mutton":1,"minecraft:coal":29,"minecraft:white_wool":1,"minecraft:cobblestone":27,"minecraft:furnace":1},"minecraft:mined":{"minecraft:large_fern":1,"minecraft:brown_mushroom":2,"minecraft:furnace":1,"minecraft:iron_ore":1,"minecraft:spruce_log":23,"minecraft:crafting_table":1,"minecraft:grass_block":19,"minecraft:coal_ore":29,"minecraft:gravel":1,"minecraft:dirt":57,"minecraft:spruce_leaves":8,"minecraft:stone":27,"minecraft:wall_torch":1},"minecraft:crafted":{"minecraft:crafting_table":1,"minecraft:spruce_planks":12,"minecraft:stick":8,"minecraft:wooden_pickaxe":1,"minecraft:stone_pickaxe":1,"minecraft:furnace":1,"minecraft:torch":8,"minecraft:stone_axe":1,"minecraft:air":0,"minecraft:cooked_mutton":1},"minecraft:killed":{"minecraft:skeleton":1,"minecraft:sheep":1},"minecraft:custom":{"minecraft:time_since_rest":31048,"minecraft:interact_with_furnace":4,"minecraft:sprint_one_cm":29286,"minecraft:damage_taken":65,"minecraft:walk_one_cm":39032,"minecraft:mob_kills":2,"minecraft:drop":2,"minecraft:damage_dealt":250,"minecraft:interact_with_crafting_table":8,"minecraft:fly_one_cm":19877,"minecraft:crouch_one_cm":92,"minecraft:play_time":31048,"minecraft:sneak_time":74,"minecraft:walk_under_water_one_cm":2449,"minecraft:jump":249,"minecraft:time_since_death":31048,"minecraft:leave_game":3,"minecraft:walk_on_water_one_cm":5710,"minecraft:total_world_time":31048,"minecraft:fall_one_cm":3315},"minecraft:dropped":{"minecraft:dirt":1,"minecraft:wooden_pickaxe":1}},"DataVersion":3953}