{"stats":{"minecraft:used":{"minecraft:cooked_mutton":1,"minecraft:stone_pickaxe":195,"minecraft:wooden_pickaxe":8,"minecraft:torch":33,"minecraft:dirt":79,"minecraft:crafting_table":4,"minecraft:leather_helmet":1,"minecraft:stone_axe":86,"minecraft:cobblestone":37,"minecraft:furnace":3,"minecraft:cooked_beef":7},"minecraft:mined":{"minecraft:brown_mushroom":3,"minecraft:mossy_cobblestone":10,"minecraft:crafting_table":4,"minecraft:torch":6,"minecraft:short_grass":2,"minecraft:grass_block":34,"minecraft:cobblestone":3,"minecraft:spruce_leaves":9,"minecraft:wall_torch":3,"minecraft:large_fern":1,"minecraft:furnace":3,"minecraft:iron_ore":2,"minecraft:sweet_berry_bush":4,"minecraft:spruce_log":23,"minecraft:coal_ore":111,"minecraft:gravel":1,"minecraft:dirt":63,"minecraft:stone":71,"minecraft:fern":1},"minecraft:picked_up":{"minecraft:crafting_table":4,"minecraft:feather":13,"minecraft:chicken":9,"minecraft:leather":8,"minecraft:brown_mushroom":3,"minecraft:wooden_pickaxe":1,"minecraft:string":1,"minecraft:dirt":98,"minecraft:wheat_seeds":1,"minecraft:beef":8,"minecraft:egg":1,"minecraft:furnace":3,"minecraft:raw_iron":2,"minecraft:sweet_berries":23,"minecraft:torch":9,"minecraft:gravel":1,"minecraft:spruce_sapling":7,"minecraft:spruce_log":23,"minecraft:mossy_cobblestone":8,"minecraft:arrow":1,"minecraft:mutton":3,"minecraft:coal":135,"minecraft:white_wool":3,"minecraft:cobblestone":74},"minecraft:killed":{"minecraft:spider":1,"minecraft:sheep":3,"minecraft:skeleton":1,"minecraft:zombie":1,"minecraft:chicken":9,"minecraft:cow":5},"minecraft:custom":{"minecraft:interact_with_furnace":12,"minecraft:mob_kills":20,"minecraft:interact_with_crafting_table":14,"minecraft:leave_game":9,"minecraft:time_since_death":81481,"minecraft:time_since_rest":81481,"minecraft:sprint_one_cm":171960,"minecraft:damage_taken":385,"minecraft:walk_one_cm":159866,"minecraft:drop":2,"minecraft:damage_dealt":1580,"minecraft:swim_one_cm":13895,"minecraft:fly_one_cm":106236,"minecraft:crouch_one_cm":1631,"minecraft:play_time":81481,"minecraft:sneak_time":781,"minecraft:walk_under_water_one_cm":5713,"minecraft:jump":1114,"minecraft:walk_on_water_one_cm":18074,"minecraft:total_world_time":81481,"minecraft:fall_one_cm":21925},"minecraft:crafted":{"minecraft:cooked_beef":7,"minecraft:crafting_table":1,"minecraft:spruce_planks":28,"minecraft:wooden_pickaxe":1,"minecraft:furnace":1,"minecraft:leather_helmet":1,"minecraft:stone_axe":1,"minecraft:cooked_mutton":1,"minecraft:air":0,"minecraft:shield":1,"minecraft:stick":20,"minecraft:iron_ingot":1,"minecraft:stone_pickaxe":2,"minecraft:white_bed":1,"minecraft:torch":40},"minecraft:broken":{"minecraft:stone_pickaxe":1},"minecraft:dropped":{"minecraft:dirt":1,"minecraft:wooden_pickaxe":1}},"DataVersion":3953}