{"stats":{"minecraft:picked_up":{"minecraft:spruce_log":3},"minecraft:mined":{"minecraft:spruce_leaves":8,"minecraft:spruce_log":1},"minecraft:custom":{"minecraft:jump":30,"minecraft:open_chest":2,"minecraft:time_since_rest":3237,"minecraft:play_time":3237,"minecraft:leave_game":2,"minecraft:sprint_one_cm":2215,"minecraft:time_since_death":3237,"minecraft:walk_one_cm":3153,"minecraft:total_world_time":3237,"minecraft:fall_one_cm":1312,"minecraft:drop":2,"minecraft:fly_one_cm":1850},"minecraft:dropped":{"minecraft:spruce_log":2}},"DataVersion":3953}