{"stats":{"minecraft:mined":{"minecraft:hay_block":48,"minecraft:kelp_plant":1,"minecraft:crafting_table":2,"minecraft:short_grass":12,"minecraft:grass_block":7,"minecraft:oak_log":12,"minecraft:kelp":3,"minecraft:sugar_cane":6,"minecraft:oak_leaves":1},"minecraft:killed_by":{"minecraft:drowned":1},"minecraft:used":{"minecraft:wooden_axe":29,"minecraft:sugar_cane":9,"minecraft:crafting_table":2,"minecraft:porkchop":9,"minecraft:oak_boat":3},"minecraft:custom":{"minecraft:time_since_rest":5219,"minecraft:sprint_one_cm":47689,"minecraft:damage_taken":520,"minecraft:walk_one_cm":23266,"minecraft:mob_kills":8,"minecraft:damage_dealt":798,"minecraft:swim_one_cm":47551,"minecraft:interact_with_crafting_table":2,"minecraft:fly_one_cm":35303,"minecraft:crouch_one_cm":272,"minecraft:play_time":44103,"minecraft:deaths":1,"minecraft:sneak_time":209,"minecraft:walk_under_water_one_cm":20538,"minecraft:boat_one_cm":110237,"minecraft:jump":221,"minecraft:leave_game":5,"minecraft:walk_on_water_one_cm":15051,"minecraft:time_since_death":4834,"minecraft:sleep_in_bed":1,"minecraft:total_world_time":44103,"minecraft:fall_one_cm":5332},"minecraft:crafted":{"minecraft:oak_boat":4,"minecraft:oak_planks":48,"minecraft:crafting_table":1,"minecraft:stick":8,"minecraft:wooden_pickaxe":1,"minecraft:wooden_axe":1},"minecraft:picked_up":{"minecraft:crafting_table":2,"minecraft:porkchop":13,"minecraft:oak_log":12,"minecraft:dirt":7,"minecraft:kelp":5,"minecraft:wheat_seeds":1,"minecraft:hay_block":48,"minecraft:oak_boat":2,"minecraft:sugar_cane":9},"minecraft:killed":{"minecraft:pig":8}},"DataVersion":3953}