{"stats":{"minecraft:killed_by":{"minecraft:zombie":2},"minecraft:crafted":{"minecraft:spruce_wood":3,"minecraft:crafting_table":3,"minecraft:spruce_planks":76,"minecraft:stick":28,"minecraft:wooden_pickaxe":3,"minecraft:stone_pickaxe":3,"minecraft:spruce_boat":1,"minecraft:torch":12,"minecraft:stone_axe":3},"minecraft:used":{"minecraft:stone_pickaxe":61,"minecraft:wooden_pickaxe":61,"minecraft:torch":3,"minecraft:dirt":1,"minecraft:sweet_berries":4,"minecraft:crafting_table":6,"minecraft:white_bed":1},"minecraft:killed":{"minecraft:sheep":3},"minecraft:custom":{"minecraft:time_since_rest":4746,"minecraft:interact_with_furnace":3,"minecraft:sprint_one_cm":30991,"minecraft:damage_taken":2308,"minecraft:walk_one_cm":135258,"minecraft:mob_kills":3,"minecraft:damage_dealt":318,"minecraft:interact_with_crafting_table":7,"minecraft:fly_one_cm":9271,"minecraft:open_chest":1,"minecraft:crouch_one_cm":431,"minecraft:play_time":34972,"minecraft:deaths":7,"minecraft:sneak_time":111,"minecraft:walk_under_water_one_cm":7553,"minecraft:jump":366,"minecraft:leave_game":4,"minecraft:walk_on_water_one_cm":13405,"minecraft:time_since_death":4660,"minecraft:sleep_in_bed":1,"minecraft:total_world_time":34972,"minecraft:fall_one_cm":25146},"minecraft:picked_up":{"minecraft:crafting_table":3,"minecraft:sweet_berries":45,"minecraft:wooden_pickaxe":1,"minecraft:spruce_sapling":1,"minecraft:diorite":1,"minecraft:white_bed":1,"minecraft:spruce_log":26,"minecraft:dirt":28,"minecraft:spruce_planks":3,"minecraft:spruce_wood":1,"minecraft:stone_pickaxe":1,"minecraft:black_wool":1,"minecraft:mutton":6,"minecraft:coal":5,"minecraft:white_wool":2,"minecraft:cobblestone":76},"minecraft:mined":{"minecraft:large_fern":1,"minecraft:sweet_berry_bush":2,"minecraft:spruce_log":26,"minecraft:crafting_table":3,"minecraft:short_grass":1,"minecraft:grass_block":15,"minecraft:coal_ore":5,"minecraft:dirt":11,"minecraft:spruce_leaves":14,"minecraft:stone":78,"minecraft:diorite":1}},"DataVersion":3953}