{"stats":{"minecraft:killed_by":{"minecraft:zombie":2},"minecraft:crafted":{"minecraft:iron_chestplate":1,"minecraft:shield":1,"minecraft:spruce_wood":3,"minecraft:crafting_table":3,"minecraft:spruce_planks":76,"minecraft:stick":32,"minecraft:iron_pickaxe":2,"minecraft:iron_ingot":15,"minecraft:wooden_pickaxe":3,"minecraft:stone_pickaxe":3,"minecraft:spruce_boat":1,"minecraft:torch":20,"minecraft:stone_axe":3,"minecraft:air":0},"minecraft:used":{"minecraft:spruce_boat":1,"minecraft:stone_pickaxe":171,"minecraft:iron_pickaxe":49,"minecraft:wooden_pickaxe":61,"minecraft:stone_axe":34,"minecraft:torch":8,"minecraft:dirt":1,"minecraft:cobblestone":8,"minecraft:sweet_berries":4,"minecraft:crafting_table":6,"minecraft:white_bed":1},"minecraft:killed":{"minecraft:sheep":3},"minecraft:custom":{"minecraft:time_since_rest":4251,"minecraft:interact_with_furnace":10,"minecraft:sprint_one_cm":38936,"minecraft:damage_taken":2408,"minecraft:walk_one_cm":260566,"minecraft:mob_kills":3,"minecraft:damage_dealt":357,"minecraft:interact_with_crafting_table":11,"minecraft:fly_one_cm":10908,"minecraft:open_chest":5,"minecraft:crouch_one_cm":431,"minecraft:play_time":64455,"minecraft:deaths":7,"minecraft:sneak_time":115,"minecraft:walk_under_water_one_cm":10549,"minecraft:boat_one_cm":67855,"minecraft:jump":671,"minecraft:leave_game":4,"minecraft:walk_on_water_one_cm":14799,"minecraft:time_since_death":34143,"minecraft:sleep_in_bed":4,"minecraft:climb_one_cm":1030,"minecraft:total_world_time":64455,"minecraft:fall_one_cm":28336},"minecraft:picked_up":{"minecraft:raw_iron":35,"minecraft:crafting_table":3,"minecraft:sweet_berries":45,"minecraft:wooden_pickaxe":1,"minecraft:spruce_sapling":4,"minecraft:diorite":13,"minecraft:white_bed":1,"minecraft:spruce_log":58,"minecraft:dirt":28,"minecraft:tropical_fish":8,"minecraft:wheat_seeds":1,"minecraft:spruce_planks":3,"minecraft:spruce_wood":1,"minecraft:stone_pickaxe":1,"minecraft:moss_block":11,"minecraft:black_wool":1,"minecraft:mutton":6,"minecraft:coal":47,"minecraft:white_wool":2,"minecraft:cobblestone":137},"minecraft:mined":{"minecraft:large_fern":2,"minecraft:iron_ore":30,"minecraft:sweet_berry_bush":2,"minecraft:spruce_log":58,"minecraft:crafting_table":3,"minecraft:short_grass":1,"minecraft:grass_block":15,"minecraft:coal_ore":47,"minecraft:deepslate_iron_ore":6,"minecraft:dirt":11,"minecraft:cobblestone":3,"minecraft:spruce_leaves":14,"minecraft:stone":137,"minecraft:moss_block":11,"minecraft:diorite":13}},"DataVersion":3953}