{"stats":{"minecraft:killed_by":{"minecraft:zombie":1},"minecraft:crafted":{"minecraft:spruce_wood":3,"minecraft:crafting_table":1,"minecraft:spruce_planks":12,"minecraft:stick":4,"minecraft:stone_pickaxe":1,"minecraft:wooden_pickaxe":1},"minecraft:used":{"minecraft:crafting_table":3,"minecraft:stone_pickaxe":10,"minecraft:wooden_pickaxe":21},"minecraft:custom":{"minecraft:time_since_rest":747,"minecraft:crouch_one_cm":431,"minecraft:play_time":11728,"minecraft:sprint_one_cm":9641,"minecraft:deaths":2,"minecraft:damage_taken":480,"minecraft:walk_one_cm":37926,"minecraft:sneak_time":111,"minecraft:walk_under_water_one_cm":5633,"minecraft:jump":106,"minecraft:damage_dealt":75,"minecraft:walk_on_water_one_cm":6635,"minecraft:leave_game":1,"minecraft:time_since_death":678,"minecraft:total_world_time":11728,"minecraft:interact_with_crafting_table":3,"minecraft:fall_one_cm":6529,"minecraft:fly_one_cm":3044},"minecraft:mined":{"minecraft:grass_block":10,"minecraft:stone":19,"minecraft:spruce_leaves":2,"minecraft:spruce_log":5,"minecraft:crafting_table":2},"minecraft:picked_up":{"minecraft:crafting_table":2,"minecraft:sweet_berries":24,"minecraft:wooden_pickaxe":1,"minecraft:spruce_wood":1,"minecraft:spruce_planks":3,"minecraft:stone_pickaxe":1,"minecraft:spruce_sapling":1,"minecraft:spruce_log":5,"minecraft:dirt":12,"minecraft:cobblestone":17}},"DataVersion":3953}