{"stats":{"minecraft:picked_up":{"minecraft:spruce_sapling":1,"minecraft:dirt":8},"minecraft:mined":{"minecraft:grass_block":10,"minecraft:spruce_leaves":2},"minecraft:custom":{"minecraft:jump":7,"minecraft:time_since_rest":1578,"minecraft:leave_game":1,"minecraft:sprint_one_cm":741,"minecraft:walk_on_water_one_cm":3229,"minecraft:deaths":1,"minecraft:damage_taken":250,"minecraft:play_time":4364,"minecraft:time_since_death":1525,"minecraft:walk_one_cm":11565,"minecraft:total_world_time":4364,"minecraft:walk_under_water_one_cm":940,"minecraft:fall_one_cm":3649,"minecraft:fly_one_cm":54}},"DataVersion":3953}