{"stats":{"minecraft:killed_by":{"minecraft:zombie":2},"minecraft:crafted":{"minecraft:cooked_porkchop":7,"minecraft:crafting_table":4,"minecraft:spruce_planks":84,"minecraft:wooden_pickaxe":3,"minecraft:iron_helmet":1,"minecraft:furnace":1,"minecraft:bucket":1,"minecraft:stone_axe":3,"minecraft:cooked_mutton":2,"minecraft:air":0,"minecraft:iron_boots":1,"minecraft:iron_chestplate":1,"minecraft:shield":1,"minecraft:spruce_wood":3,"minecraft:stick":40,"minecraft:iron_ingot":53,"minecraft:iron_pickaxe":2,"minecraft:stone_pickaxe":3,"minecraft:iron_leggings":1,"minecraft:spruce_boat":1,"minecraft:torch":20,"minecraft:stone_hoe":1,"minecraft:smoker":1},"minecraft:used":{"minecraft:wheat_seeds":8,"minecraft:cooked_mutton":2,"minecraft:water_bucket":3,"minecraft:tropical_fish":8,"minecraft:stone_pickaxe":171,"minecraft:shield":4,"minecraft:wooden_pickaxe":61,"minecraft:stone_hoe":103,"minecraft:torch":10,"minecraft:dirt":50,"minecraft:crafting_table":7,"minecraft:white_bed":1,"minecraft:smoker":2,"minecraft:spruce_boat":1,"minecraft:iron_pickaxe":116,"minecraft:stone_axe":61,"minecraft:cobblestone":9,"minecraft:sweet_berries":4,"minecraft:furnace":1,"minecraft:cooked_porkchop":1,"minecraft:bucket":3},"minecraft:killed":{"minecraft:pig":4,"minecraft:sheep":4,"minecraft:skeleton":1,"minecraft:chicken":1},"minecraft:custom":{"minecraft:interact_with_furnace":17,"minecraft:mob_kills":10,"minecraft:interact_with_crafting_table":17,"minecraft:leave_game":4,"minecraft:time_since_death":70143,"minecraft:sleep_in_bed":7,"minecraft:climb_one_cm":15781,"minecraft:time_since_rest":8919,"minecraft:sprint_one_cm":46979,"minecraft:damage_taken":2522,"minecraft:walk_one_cm":518612,"minecraft:damage_blocked_by_shield":179,"minecraft:damage_dealt":1036,"minecraft:swim_one_cm":23,"minecraft:fly_one_cm":14024,"minecraft:open_chest":8,"minecraft:crouch_one_cm":431,"minecraft:play_time":100455,"minecraft:deaths":7,"minecraft:sneak_time":115,"minecraft:walk_under_water_one_cm":13982,"minecraft:boat_one_cm":67855,"minecraft:jump":1264,"minecraft:walk_on_water_one_cm":18959,"minecraft:total_world_time":100455,"minecraft:interact_with_smoker":8,"minecraft:fall_one_cm":35383},"minecraft:mined":{"minecraft:farmland":3,"minecraft:smoker":1,"minecraft:crafting_table":3,"minecraft:granite":3,"minecraft:short_grass":11,"minecraft:grass_block":26,"minecraft:copper_ore":3,"minecraft:cobblestone":3,"minecraft:spruce_leaves":18,"minecraft:moss_block":11,"minecraft:diorite":13,"minecraft:large_fern":63,"minecraft:furnace":1,"minecraft:iron_ore":48,"minecraft:sweet_berry_bush":2,"minecraft:spruce_log":58,"minecraft:andesite":1,"minecraft:coal_ore":48,"minecraft:deepslate_iron_ore":6,"minecraft:dirt":63,"minecraft:stone":147,"minecraft:fern":27},"minecraft:picked_up":{"minecraft:crafting_table":3,"minecraft:feather":1,"minecraft:chicken":1,"minecraft:andesite":1,"minecraft:wooden_pickaxe":1,"minecraft:smoker":1,"minecraft:dirt":94,"minecraft:raw_copper":13,"minecraft:bone":2,"minecraft:wheat_seeds":15,"minecraft:spruce_planks":3,"minecraft:spruce_wood":1,"minecraft:stone_pickaxe":1,"minecraft:moss_block":11,"minecraft:furnace":1,"minecraft:raw_iron":53,"minecraft:sweet_berries":45,"minecraft:porkchop":7,"minecraft:spruce_sapling":4,"minecraft:diorite":13,"minecraft:white_bed":1,"minecraft:spruce_log":58,"minecraft:tropical_fish":13,"minecraft:granite":3,"minecraft:black_wool":1,"minecraft:mutton":8,"minecraft:coal":82,"minecraft:cobblestone":149,"minecraft:white_wool":3}},"DataVersion":3953}