{"stats":{"minecraft:killed_by":{"minecraft:zombie":2},"minecraft:crafted":{"minecraft:spruce_wood":3,"minecraft:crafting_table":3,"minecraft:spruce_planks":76,"minecraft:stick":28,"minecraft:wooden_pickaxe":3,"minecraft:stone_pickaxe":3,"minecraft:spruce_boat":1,"minecraft:torch":12,"minecraft:stone_axe":3},"minecraft:used":{"minecraft:spruce_boat":1,"minecraft:stone_pickaxe":133,"minecraft:wooden_pickaxe":61,"minecraft:stone_axe":33,"minecraft:torch":3,"minecraft:dirt":1,"minecraft:sweet_berries":4,"minecraft:crafting_table":6,"minecraft:white_bed":1},"minecraft:killed":{"minecraft:sheep":3},"minecraft:custom":{"minecraft:time_since_rest":2058,"minecraft:interact_with_furnace":4,"minecraft:sprint_one_cm":38747,"minecraft:damage_taken":2368,"minecraft:walk_one_cm":180533,"minecraft:mob_kills":3,"minecraft:damage_dealt":318,"minecraft:interact_with_crafting_table":7,"minecraft:fly_one_cm":10374,"minecraft:open_chest":4,"minecraft:crouch_one_cm":431,"minecraft:play_time":46455,"minecraft:deaths":7,"minecraft:sneak_time":111,"minecraft:walk_under_water_one_cm":7553,"minecraft:boat_one_cm":67855,"minecraft:jump":441,"minecraft:leave_game":4,"minecraft:walk_on_water_one_cm":13405,"minecraft:time_since_death":16143,"minecraft:sleep_in_bed":3,"minecraft:total_world_time":46455,"minecraft:fall_one_cm":27732},"minecraft:picked_up":{"minecraft:raw_iron":3,"minecraft:crafting_table":3,"minecraft:sweet_berries":45,"minecraft:wooden_pickaxe":1,"minecraft:spruce_sapling":4,"minecraft:diorite":5,"minecraft:white_bed":1,"minecraft:spruce_log":58,"minecraft:dirt":28,"minecraft:wheat_seeds":1,"minecraft:spruce_planks":3,"minecraft:spruce_wood":1,"minecraft:stone_pickaxe":1,"minecraft:moss_block":4,"minecraft:black_wool":1,"minecraft:mutton":6,"minecraft:coal":26,"minecraft:white_wool":2,"minecraft:cobblestone":116},"minecraft:mined":{"minecraft:large_fern":2,"minecraft:iron_ore":3,"minecraft:sweet_berry_bush":2,"minecraft:spruce_log":58,"minecraft:crafting_table":3,"minecraft:short_grass":1,"minecraft:grass_block":15,"minecraft:coal_ore":26,"minecraft:dirt":11,"minecraft:spruce_leaves":14,"minecraft:stone":118,"minecraft:moss_block":4,"minecraft:diorite":5}},"DataVersion":3953}