{"stats":{"minecraft:killed_by":{"minecraft:zombie":2},"minecraft:crafted":{"minecraft:crafting_table":4,"minecraft:spruce_planks":76,"minecraft:wooden_pickaxe":3,"minecraft:iron_helmet":1,"minecraft:furnace":1,"minecraft:stone_axe":3,"minecraft:air":0,"minecraft:iron_boots":1,"minecraft:iron_chestplate":1,"minecraft:shield":1,"minecraft:spruce_wood":3,"minecraft:stick":32,"minecraft:iron_ingot":31,"minecraft:iron_pickaxe":2,"minecraft:stone_pickaxe":3,"minecraft:iron_leggings":1,"minecraft:spruce_boat":1,"minecraft:torch":20,"minecraft:smoker":1},"minecraft:used":{"minecraft:tropical_fish":8,"minecraft:stone_pickaxe":171,"minecraft:shield":1,"minecraft:wooden_pickaxe":61,"minecraft:torch":10,"minecraft:dirt":1,"minecraft:crafting_table":7,"minecraft:white_bed":1,"minecraft:smoker":1,"minecraft:spruce_boat":1,"minecraft:iron_pickaxe":75,"minecraft:stone_axe":36,"minecraft:cobblestone":8,"minecraft:sweet_berries":4,"minecraft:furnace":1},"minecraft:killed":{"minecraft:pig":1,"minecraft:sheep":3},"minecraft:custom":{"minecraft:interact_with_furnace":14,"minecraft:mob_kills":4,"minecraft:interact_with_crafting_table":15,"minecraft:leave_game":4,"minecraft:time_since_death":46143,"minecraft:sleep_in_bed":5,"minecraft:climb_one_cm":4884,"minecraft:time_since_rest":3309,"minecraft:sprint_one_cm":43269,"minecraft:damage_taken":2438,"minecraft:walk_one_cm":336573,"minecraft:damage_blocked_by_shield":89,"minecraft:damage_dealt":457,"minecraft:swim_one_cm":23,"minecraft:fly_one_cm":12104,"minecraft:open_chest":5,"minecraft:crouch_one_cm":431,"minecraft:play_time":76455,"minecraft:deaths":7,"minecraft:sneak_time":115,"minecraft:walk_under_water_one_cm":13228,"minecraft:boat_one_cm":67855,"minecraft:jump":867,"minecraft:walk_on_water_one_cm":18569,"minecraft:total_world_time":76455,"minecraft:interact_with_smoker":4,"minecraft:fall_one_cm":30762},"minecraft:mined":{"minecraft:smoker":1,"minecraft:crafting_table":3,"minecraft:short_grass":1,"minecraft:grass_block":15,"minecraft:copper_ore":3,"minecraft:cobblestone":3,"minecraft:spruce_leaves":14,"minecraft:moss_block":11,"minecraft:diorite":13,"minecraft:large_fern":2,"minecraft:furnace":1,"minecraft:iron_ore":48,"minecraft:sweet_berry_bush":2,"minecraft:spruce_log":58,"minecraft:andesite":1,"minecraft:coal_ore":48,"minecraft:deepslate_iron_ore":6,"minecraft:dirt":11,"minecraft:stone":138},"minecraft:picked_up":{"minecraft:crafting_table":3,"minecraft:andesite":1,"minecraft:wooden_pickaxe":1,"minecraft:smoker":1,"minecraft:dirt":28,"minecraft:raw_copper":13,"minecraft:wheat_seeds":1,"minecraft:spruce_planks":3,"minecraft:spruce_wood":1,"minecraft:stone_pickaxe":1,"minecraft:moss_block":11,"minecraft:furnace":1,"minecraft:raw_iron":53,"minecraft:sweet_berries":45,"minecraft:porkchop":1,"minecraft:spruce_sapling":4,"minecraft:diorite":13,"minecraft:white_bed":1,"minecraft:spruce_log":58,"minecraft:tropical_fish":13,"minecraft:black_wool":1,"minecraft:mutton":6,"minecraft:coal":82,"minecraft:cobblestone":140,"minecraft:white_wool":2}},"DataVersion":3953}