{"stats":{"minecraft:killed_by":{"minecraft:zombie":2},"minecraft:crafted":{"minecraft:crafting_table":2,"minecraft:spruce_wood":3,"minecraft:spruce_planks":32,"minecraft:stick":16,"minecraft:wooden_pickaxe":2,"minecraft:stone_pickaxe":2,"minecraft:stone_axe":2},"minecraft:used":{"minecraft:stone_pickaxe":61,"minecraft:wooden_pickaxe":36,"minecraft:dirt":1,"minecraft:sweet_berries":4,"minecraft:crafting_table":5},"minecraft:killed":{"minecraft:sheep":3},"minecraft:custom":{"minecraft:time_since_rest":5120,"minecraft:interact_with_furnace":3,"minecraft:sprint_one_cm":14405,"minecraft:damage_taken":838,"minecraft:walk_one_cm":95242,"minecraft:mob_kills":3,"minecraft:damage_dealt":318,"minecraft:interact_with_crafting_table":5,"minecraft:fly_one_cm":5673,"minecraft:open_chest":1,"minecraft:crouch_one_cm":431,"minecraft:play_time":22523,"minecraft:deaths":3,"minecraft:sneak_time":111,"minecraft:walk_under_water_one_cm":6126,"minecraft:jump":268,"minecraft:leave_game":2,"minecraft:walk_on_water_one_cm":12593,"minecraft:time_since_death":5000,"minecraft:total_world_time":22523,"minecraft:fall_one_cm":7276},"minecraft:mined":{"minecraft:sweet_berry_bush":1,"minecraft:spruce_log":11,"minecraft:crafting_table":3,"minecraft:short_grass":1,"minecraft:grass_block":11,"minecraft:coal_ore":5,"minecraft:dirt":4,"minecraft:spruce_leaves":10,"minecraft:stone":61,"minecraft:diorite":1},"minecraft:picked_up":{"minecraft:crafting_table":3,"minecraft:sweet_berries":45,"minecraft:wooden_pickaxe":1,"minecraft:spruce_sapling":1,"minecraft:diorite":1,"minecraft:spruce_log":11,"minecraft:dirt":17,"minecraft:spruce_planks":3,"minecraft:spruce_wood":1,"minecraft:stone_pickaxe":1,"minecraft:black_wool":1,"minecraft:mutton":6,"minecraft:coal":4,"minecraft:white_wool":2,"minecraft:cobblestone":59}},"DataVersion":3953}