{"stats":{"minecraft:used":{"minecraft:stone_sword":163,"minecraft:chest":4,"minecraft:cooked_chicken":10,"minecraft:torch":120,"minecraft:dirt":124,"minecraft:mutton":4,"minecraft:spruce_boat":4,"minecraft:sweet_berries":14,"minecraft:furnace":5,"minecraft:cooked_beef":2,"minecraft:stone_pickaxe":810,"minecraft:wooden_pickaxe":59,"minecraft:blue_bed":5,"minecraft:salmon":4,"minecraft:crafting_table":7,"minecraft:white_bed":15,"minecraft:chicken":2,"minecraft:stone_axe":92,"minecraft:cobblestone":111,"minecraft:cooked_porkchop":1},"minecraft:mined":{"minecraft:white_bed":13,"minecraft:mossy_cobblestone":30,"minecraft:cobblestone_stairs":2,"minecraft:jack_o_lantern":1,"minecraft:glow_lichen":1,"minecraft:grass_block":64,"minecraft:spruce_leaves":97,"minecraft:moss_block":12,"minecraft:large_fern":21,"minecraft:tall_seagrass":2,"minecraft:furnace":1,"minecraft:iron_ore":40,"minecraft:moss_carpet":1,"minecraft:azalea":2,"minecraft:stone":266,"minecraft:flowering_azalea":1,"minecraft:crafting_table":4,"minecraft:clay":5,"minecraft:torch":11,"minecraft:short_grass":17,"minecraft:blast_furnace":3,"minecraft:chest":2,"minecraft:campfire":1,"minecraft:cobblestone":13,"minecraft:tall_grass":9,"minecraft:copper_ore":13,"minecraft:lapis_ore":3,"minecraft:sugar_cane":8,"minecraft:diorite":2,"minecraft:wall_torch":5,"minecraft:blue_bed":6,"minecraft:big_dripleaf":1,"minecraft:seagrass":2,"minecraft:wheat":1,"minecraft:sweet_berry_bush":33,"minecraft:spruce_log":57,"minecraft:coal_ore":360,"minecraft:gravel":10,"minecraft:sand":1,"minecraft:dirt":64,"minecraft:fern":9},"minecraft:picked_up":{"minecraft:charcoal":2,"minecraft:crafting_table":6,"minecraft:chicken":16,"minecraft:brown_mushroom":6,"minecraft:moss_carpet":1,"minecraft:raw_copper":46,"minecraft:armor_stand":2,"minecraft:spruce_planks":1,"minecraft:beef":55,"minecraft:light_gray_wool":3,"minecraft:chest":2,"minecraft:sugar_cane":47,"minecraft:egg":2,"minecraft:raw_copper_block":4,"minecraft:furnace":1,"minecraft:raw_iron":42,"minecraft:stick":35,"minecraft:torch":206,"minecraft:porkchop":16,"minecraft:diorite":2,"minecraft:stone_sword":3,"minecraft:arrow":7,"minecraft:rotten_flesh":8,"minecraft:mutton":67,"minecraft:glow_berries":3,"minecraft:white_wool":32,"minecraft:cobblestone":376,"minecraft:feather":23,"minecraft:salmon":55,"minecraft:brown_wool":1,"minecraft:leather":16,"minecraft:flint":1,"minecraft:gunpowder":3,"minecraft:cobblestone_stairs":2,"minecraft:lapis_lazuli":17,"minecraft:dirt":200,"minecraft:blue_bed":6,"minecraft:bone":2,"minecraft:wheat_seeds":12,"minecraft:stone_pickaxe":4,"minecraft:moss_block":11,"minecraft:sweet_berries":190,"minecraft:gravel":18,"minecraft:sand":3,"minecraft:spruce_sapling":17,"minecraft:blast_furnace":3,"minecraft:ink_sac":3,"minecraft:white_bed":17,"minecraft:spruce_log":115,"minecraft:mossy_cobblestone":36,"minecraft:spruce_boat":6,"minecraft:stone_axe":2,"minecraft:bone_meal":6,"minecraft:gray_wool":3,"minecraft:jack_o_lantern":1,"minecraft:coal":368},"minecraft:killed":{"minecraft:spider":1,"minecraft:skeleton":5,"minecraft:chicken":12,"minecraft:drowned":2,"minecraft:pig":7,"minecraft:salmon":23,"minecraft:creeper":1,"minecraft:sheep":35,"minecraft:zombie":2,"minecraft:cow":19},"minecraft:crafted":{"minecraft:cooked_chicken":10,"minecraft:furnace":4,"minecraft:raw_copper_block":4,"minecraft:stone_pickaxe":6,"minecraft:chest":2,"minecraft:spruce_boat":2,"minecraft:cooked_beef":2,"minecraft:cooked_porkchop":1,"minecraft:crafting_table":4,"minecraft:spruce_planks":180,"minecraft:wooden_pickaxe":1,"minecraft:stone_axe":1,"minecraft:stick":78,"minecraft:iron_ingot":7,"minecraft:stone_sword":2,"minecraft:white_bed":2,"minecraft:torch":192},"minecraft:custom":{"minecraft:mob_kills":109,"minecraft:interact_with_crafting_table":21,"minecraft:leave_game":3,"minecraft:time_since_death":143659,"minecraft:climb_one_cm":533,"minecraft:sprint_one_cm":466820,"minecraft:walk_one_cm":969096,"minecraft:drop":72,"minecraft:play_time":262231,"minecraft:deaths":3,"minecraft:walk_under_water_one_cm":62443,"minecraft:boat_one_cm":511885,"minecraft:jump":2156,"minecraft:interact_with_blast_furnace":1,"minecraft:walk_on_water_one_cm":114727,"minecraft:total_world_time":262231,"minecraft:interact_with_furnace":15,"minecraft:sleep_in_bed":17,"minecraft:time_since_rest":8462,"minecraft:damage_taken":1528,"minecraft:damage_dealt":8905,"minecraft:swim_one_cm":39968,"minecraft:fly_one_cm":83720,"minecraft:open_chest":22,"minecraft:fall_one_cm":22529},"minecraft:broken":{"minecraft:stone_sword":1,"minecraft:wooden_pickaxe":1,"minecraft:stone_pickaxe":5,"minecraft:stone_axe":1},"minecraft:dropped":{"minecraft:brown_mushroom":5,"minecraft:wheat_seeds":6,"minecraft:mossy_cobblestone":36,"minecraft:feather":9,"minecraft:stick":25,"minecraft:cobblestone_stairs":2,"minecraft:flint":1,"minecraft:dirt":10,"minecraft:gray_wool":1,"minecraft:diorite":2,"minecraft:torch":1,"minecraft:map":1,"minecraft:paper":5,"minecraft:spruce_sapling":1,"minecraft:gravel":9,"minecraft:moss_carpet":1,"minecraft:sweet_berries":2,"minecraft:white_bed":3,"minecraft:arrow":2},"minecraft:killed_by":{"minecraft:creeper":1,"minecraft:skeleton":2}},"DataVersion":3953}