{"stats":{"minecraft:used":{"minecraft:stone_sword":163,"minecraft:ladder":11,"minecraft:chest":5,"minecraft:shield":2,"minecraft:iron_sword":20,"minecraft:cooked_chicken":10,"minecraft:torch":163,"minecraft:dirt":124,"minecraft:mutton":4,"minecraft:spruce_boat":4,"minecraft:sweet_berries":14,"minecraft:furnace":6,"minecraft:cooked_beef":2,"minecraft:stone_pickaxe":1041,"minecraft:wooden_pickaxe":59,"minecraft:blue_bed":5,"minecraft:salmon":4,"minecraft:glow_berries":2,"minecraft:crafting_table":8,"minecraft:blast_furnace":1,"minecraft:white_bed":15,"minecraft:chicken":2,"minecraft:stone_axe":92,"minecraft:cobblestone":117,"minecraft:cooked_porkchop":3},"minecraft:mined":{"minecraft:white_bed":13,"minecraft:mossy_cobblestone":30,"minecraft:cobblestone_stairs":2,"minecraft:jack_o_lantern":1,"minecraft:granite":1,"minecraft:ladder":1,"minecraft:glow_lichen":1,"minecraft:grass_block":64,"minecraft:spruce_leaves":97,"minecraft:moss_block":15,"minecraft:large_fern":21,"minecraft:tall_seagrass":2,"minecraft:furnace":1,"minecraft:iron_ore":52,"minecraft:andesite":23,"minecraft:moss_carpet":2,"minecraft:azalea":5,"minecraft:stone":430,"minecraft:flowering_azalea":2,"minecraft:crafting_table":4,"minecraft:clay":7,"minecraft:torch":11,"minecraft:short_grass":39,"minecraft:blast_furnace":3,"minecraft:chest":2,"minecraft:campfire":1,"minecraft:cobblestone":16,"minecraft:tall_grass":9,"minecraft:copper_ore":15,"minecraft:lapis_ore":3,"minecraft:sugar_cane":8,"minecraft:diorite":17,"minecraft:wall_torch":5,"minecraft:blue_bed":6,"minecraft:big_dripleaf":1,"minecraft:seagrass":2,"minecraft:wheat":1,"minecraft:sweet_berry_bush":33,"minecraft:spruce_log":57,"minecraft:coal_ore":363,"minecraft:gravel":11,"minecraft:sand":1,"minecraft:dirt":64,"minecraft:fern":9},"minecraft:picked_up":{"minecraft:charcoal":2,"minecraft:crafting_table":6,"minecraft:chicken":16,"minecraft:ladder":6,"minecraft:clay_ball":8,"minecraft:brown_mushroom":6,"minecraft:string":1,"minecraft:moss_carpet":3,"minecraft:raw_copper":50,"minecraft:armor_stand":2,"minecraft:spruce_planks":1,"minecraft:beef":55,"minecraft:azalea":6,"minecraft:light_gray_wool":3,"minecraft:chest":2,"minecraft:sugar_cane":47,"minecraft:egg":2,"minecraft:raw_copper_block":4,"minecraft:furnace":1,"minecraft:raw_iron":54,"minecraft:stick":37,"minecraft:torch":206,"minecraft:porkchop":16,"minecraft:diorite":17,"minecraft:stone_sword":3,"minecraft:arrow":7,"minecraft:rotten_flesh":8,"minecraft:mutton":67,"minecraft:glow_berries":3,"minecraft:white_wool":32,"minecraft:cobblestone":538,"minecraft:feather":23,"minecraft:andesite":23,"minecraft:salmon":55,"minecraft:brown_wool":1,"minecraft:leather":16,"minecraft:flint":1,"minecraft:gunpowder":3,"minecraft:cobblestone_stairs":2,"minecraft:lapis_lazuli":17,"minecraft:dirt":200,"minecraft:blue_bed":6,"minecraft:bone":3,"minecraft:wheat_seeds":18,"minecraft:stone_pickaxe":4,"minecraft:moss_block":28,"minecraft:flowering_azalea":2,"minecraft:cooked_porkchop":3,"minecraft:sweet_berries":190,"minecraft:gravel":19,"minecraft:sand":3,"minecraft:spruce_sapling":17,"minecraft:blast_furnace":3,"minecraft:ink_sac":3,"minecraft:white_bed":17,"minecraft:spruce_log":115,"minecraft:spider_eye":1,"minecraft:mossy_cobblestone":36,"minecraft:spruce_boat":8,"minecraft:stone_axe":2,"minecraft:granite":1,"minecraft:bone_meal":6,"minecraft:gray_wool":3,"minecraft:jack_o_lantern":1,"minecraft:coal":371},"minecraft:killed":{"minecraft:spider":2,"minecraft:skeleton":6,"minecraft:chicken":12,"minecraft:drowned":2,"minecraft:pig":7,"minecraft:salmon":23,"minecraft:creeper":1,"minecraft:sheep":35,"minecraft:zombie":2,"minecraft:cow":19},"minecraft:crafted":{"minecraft:cooked_chicken":10,"minecraft:furnace":5,"minecraft:raw_copper_block":4,"minecraft:cooked_mutton":12,"minecraft:iron_boots":1,"minecraft:ladder":12,"minecraft:stone_pickaxe":8,"minecraft:chest":3,"minecraft:spruce_boat":2,"minecraft:cooked_beef":2,"minecraft:cooked_porkchop":10,"minecraft:crafting_table":4,"minecraft:spruce_planks":180,"minecraft:wooden_pickaxe":1,"minecraft:iron_sword":1,"minecraft:stone_axe":1,"minecraft:shield":1,"minecraft:stick":114,"minecraft:iron_ingot":42,"minecraft:stone_sword":2,"minecraft:iron_leggings":1,"minecraft:white_bed":2,"minecraft:torch":192},"minecraft:custom":{"minecraft:mob_kills":111,"minecraft:interact_with_crafting_table":33,"minecraft:leave_game":3,"minecraft:time_since_death":179659,"minecraft:climb_one_cm":8280,"minecraft:sprint_one_cm":468015,"minecraft:walk_one_cm":1071911,"minecraft:damage_blocked_by_shield":55,"minecraft:drop":88,"minecraft:play_time":298231,"minecraft:deaths":3,"minecraft:walk_under_water_one_cm":62443,"minecraft:boat_one_cm":511885,"minecraft:jump":2383,"minecraft:interact_with_blast_furnace":4,"minecraft:walk_on_water_one_cm":114846,"minecraft:total_world_time":298231,"minecraft:interact_with_furnace":24,"minecraft:sleep_in_bed":18,"minecraft:time_since_rest":28287,"minecraft:damage_taken":1578,"minecraft:damage_dealt":9255,"minecraft:swim_one_cm":39968,"minecraft:fly_one_cm":83884,"minecraft:open_chest":31,"minecraft:fall_one_cm":25830},"minecraft:broken":{"minecraft:stone_sword":1,"minecraft:wooden_pickaxe":1,"minecraft:stone_pickaxe":6,"minecraft:stone_axe":1},"minecraft:dropped":{"minecraft:moss_block":27,"minecraft:brown_mushroom":5,"minecraft:wheat_seeds":13,"minecraft:mossy_cobblestone":36,"minecraft:feather":9,"minecraft:stick":27,"minecraft:cobblestone_stairs":2,"minecraft:flint":1,"minecraft:dirt":10,"minecraft:gray_wool":2,"minecraft:diorite":2,"minecraft:torch":1,"minecraft:map":1,"minecraft:paper":5,"minecraft:spruce_sapling":1,"minecraft:gravel":9,"minecraft:moss_carpet":2,"minecraft:sweet_berries":2,"minecraft:raw_copper":2,"minecraft:white_bed":3,"minecraft:azalea":6,"minecraft:ladder":5,"minecraft:arrow":2},"minecraft:killed_by":{"minecraft:creeper":1,"minecraft:skeleton":2}},"DataVersion":3953}