{"stats":{"minecraft:used":{"minecraft:moss_block":23,"minecraft:moss_carpet":5,"minecraft:stone_sword":166,"minecraft:poppy":1,"minecraft:ladder":31,"minecraft:chest":9,"minecraft:spruce_planks":4,"minecraft:shield":6,"minecraft:iron_sword":292,"minecraft:cooked_chicken":10,"minecraft:torch":227,"minecraft:dirt":249,"minecraft:mutton":4,"minecraft:carrot":1,"minecraft:azure_bluet":3,"minecraft:spruce_fence":29,"minecraft:spruce_boat":18,"minecraft:sweet_berries":37,"minecraft:furnace":6,"minecraft:beetroot_seeds":1,"minecraft:potato":2,"minecraft:cooked_beef":11,"minecraft:cooked_mutton":4,"minecraft:stone_pickaxe":1792,"minecraft:wooden_pickaxe":59,"minecraft:blue_bed":10,"minecraft:salmon":4,"minecraft:glow_berries":2,"minecraft:crafting_table":9,"minecraft:blast_furnace":1,"minecraft:white_bed":31,"minecraft:cornflower":2,"minecraft:chicken":2,"minecraft:stone_axe":92,"minecraft:cobblestone":426,"minecraft:cooked_porkchop":12,"minecraft:yellow_bed":2,"minecraft:dandelion":8},"minecraft:picked_up":{"minecraft:seagrass":5,"minecraft:charcoal":2,"minecraft:crafting_table":6,"minecraft:azure_bluet":3,"minecraft:chicken":31,"minecraft:ladder":15,"minecraft:clay_ball":20,"minecraft:brown_mushroom":6,"minecraft:cornflower":2,"minecraft:moss_carpet":38,"minecraft:string":1,"minecraft:raw_copper":106,"minecraft:armor_stand":2,"minecraft:beetroot":1,"minecraft:gold_nugget":6,"minecraft:spruce_planks":10,"minecraft:beef":89,"minecraft:azalea":18,"minecraft:poppy":1,"minecraft:light_gray_wool":4,"minecraft:chest":6,"minecraft:sugar_cane":47,"minecraft:egg":2,"minecraft:raw_copper_block":4,"minecraft:furnace":1,"minecraft:stick":37,"minecraft:raw_iron":80,"minecraft:copper_ingot":24,"minecraft:torch":214,"minecraft:spruce_fence":1,"minecraft:porkchop":47,"minecraft:diorite":51,"minecraft:carrot":1,"minecraft:dark_oak_planks":3,"minecraft:stone_sword":3,"minecraft:arrow":8,"minecraft:rotten_flesh":10,"minecraft:tropical_fish":6,"minecraft:beetroot_seeds":3,"minecraft:jungle_stairs":1,"minecraft:peony":17,"minecraft:glow_berries":5,"minecraft:mutton":115,"minecraft:white_wool":57,"minecraft:cobblestone":937,"minecraft:feather":53,"minecraft:andesite":85,"minecraft:salmon":56,"minecraft:brown_wool":3,"minecraft:leather":31,"minecraft:potato":2,"minecraft:flint":1,"minecraft:oak_log":1,"minecraft:yellow_bed":4,"minecraft:cobblestone_stairs":2,"minecraft:gunpowder":3,"minecraft:lapis_lazuli":17,"minecraft:dirt":396,"minecraft:blue_bed":10,"minecraft:bone":4,"minecraft:wheat_seeds":85,"minecraft:rabbit_hide":1,"minecraft:iron_ingot":1,"minecraft:stone_pickaxe":5,"minecraft:rabbit":1,"minecraft:moss_block":136,"minecraft:flowering_azalea":4,"minecraft:dark_oak_stairs":4,"minecraft:cooked_porkchop":3,"minecraft:sweet_berries":336,"minecraft:dandelion":8,"minecraft:gravel":22,"minecraft:sand":6,"minecraft:jungle_planks":5,"minecraft:spruce_sapling":17,"minecraft:ink_sac":3,"minecraft:blast_furnace":3,"minecraft:white_bed":28,"minecraft:spruce_log":115,"minecraft:spider_eye":1,"minecraft:mossy_cobblestone":36,"minecraft:spruce_boat":21,"minecraft:stone_axe":2,"minecraft:granite":63,"minecraft:bone_meal":6,"minecraft:gray_wool":3,"minecraft:jack_o_lantern":1,"minecraft:oak_sapling":4,"minecraft:black_wool":2,"minecraft:coal":404},"minecraft:mined":{"minecraft:dark_oak_planks":4,"minecraft:spruce_planks":9,"minecraft:white_bed":24,"minecraft:mossy_cobblestone":30,"minecraft:cobblestone_stairs":2,"minecraft:jack_o_lantern":1,"minecraft:granite":52,"minecraft:glow_lichen":1,"minecraft:cave_vines_plant":12,"minecraft:ladder":9,"minecraft:grass_block":161,"minecraft:spruce_fence":1,"minecraft:jungle_planks":8,"minecraft:spruce_leaves":126,"minecraft:moss_block":105,"minecraft:large_fern":43,"minecraft:tall_seagrass":2,"minecraft:furnace":1,"minecraft:carrots":1,"minecraft:iron_ore":78,"minecraft:andesite":48,"minecraft:moss_carpet":27,"minecraft:azure_bluet":2,"minecraft:peony":17,"minecraft:dark_oak_stairs":2,"minecraft:potatoes":2,"minecraft:cave_vines":6,"minecraft:oak_stairs":2,"minecraft:packed_ice":49,"minecraft:azalea":14,"minecraft:stone":804,"minecraft:flowering_azalea":2,"minecraft:brown_mushroom":2,"minecraft:dandelion":6,"minecraft:powder_snow":79,"minecraft:cornflower":1,"minecraft:clay":13,"minecraft:crafting_table":4,"minecraft:torch":13,"minecraft:jungle_stairs":1,"minecraft:short_grass":654,"minecraft:blast_furnace":3,"minecraft:chest":5,"minecraft:rose_bush":5,"minecraft:campfire":1,"minecraft:cobblestone":41,"minecraft:copper_ore":33,"minecraft:tall_grass":51,"minecraft:lapis_ore":3,"minecraft:sugar_cane":8,"minecraft:diorite":30,"minecraft:wall_torch":7,"minecraft:blue_bed":11,"minecraft:big_dripleaf":1,"minecraft:spruce_stairs":2,"minecraft:seagrass":2,"minecraft:sweet_berry_bush":62,"minecraft:wheat":1,"minecraft:ice":25,"minecraft:spruce_log":58,"minecraft:yellow_bed":3,"minecraft:oak_log":1,"minecraft:coal_ore":396,"minecraft:beetroots":1,"minecraft:gravel":14,"minecraft:sand":7,"minecraft:dirt":130,"minecraft:fern":34},"minecraft:killed":{"minecraft:spider":2,"minecraft:skeleton":6,"minecraft:chicken":28,"minecraft:drowned":2,"minecraft:turtle":4,"minecraft:pig":22,"minecraft:salmon":23,"minecraft:rabbit":1,"minecraft:creeper":1,"minecraft:sheep":72,"minecraft:zombie":4,"minecraft:cow":35},"minecraft:custom":{"minecraft:mob_kills":202,"minecraft:interact_with_crafting_table":64,"minecraft:leave_game":9,"minecraft:time_since_death":574054,"minecraft:climb_one_cm":43073,"minecraft:sprint_one_cm":925340,"minecraft:walk_one_cm":2219014,"minecraft:damage_blocked_by_shield":150,"minecraft:drop":251,"minecraft:play_time":692626,"minecraft:deaths":3,"minecraft:sneak_time":3,"minecraft:walk_under_water_one_cm":73200,"minecraft:boat_one_cm":1519497,"minecraft:jump":5436,"minecraft:interact_with_blast_furnace":8,"minecraft:walk_on_water_one_cm":144834,"minecraft:total_world_time":692626,"minecraft:interact_with_furnace":61,"minecraft:sleep_in_bed":43,"minecraft:time_since_rest":9936,"minecraft:damage_taken":2584,"minecraft:damage_dealt":17792,"minecraft:swim_one_cm":49515,"minecraft:fly_one_cm":348504,"minecraft:open_chest":96,"minecraft:crouch_one_cm":33,"minecraft:fall_one_cm":71579},"minecraft:crafted":{"minecraft:oak_planks":4,"minecraft:cooked_chicken":10,"minecraft:furnace":5,"minecraft:spruce_fence":36,"minecraft:raw_copper_block":4,"minecraft:cooked_mutton":51,"minecraft:iron_boots":1,"minecraft:raw_copper":28,"minecraft:ladder":36,"minecraft:stone_pickaxe":13,"minecraft:chest":4,"minecraft:spruce_boat":2,"minecraft:cooked_beef":20,"minecraft:cooked_porkchop":41,"minecraft:crafting_table":5,"minecraft:spruce_planks":340,"minecraft:wooden_pickaxe":1,"minecraft:iron_sword":1,"minecraft:copper_ingot":88,"minecraft:stone_axe":1,"minecraft:shield":3,"minecraft:stick":224,"minecraft:iron_ingot":86,"minecraft:stone_sword":2,"minecraft:iron_leggings":1,"minecraft:white_bed":7,"minecraft:torch":244},"minecraft:broken":{"minecraft:stone_sword":1,"minecraft:wooden_pickaxe":1,"minecraft:stone_pickaxe":13,"minecraft:stone_axe":1},"minecraft:dropped":{"minecraft:bread":4,"minecraft:dark_oak_stairs":4,"minecraft:moss_block":113,"minecraft:brown_mushroom":5,"minecraft:wheat_seeds":32,"minecraft:mossy_cobblestone":36,"minecraft:feather":39,"minecraft:cobblestone":111,"minecraft:glow_berries":1,"minecraft:granite":63,"minecraft:jungle_planks":5,"minecraft:stick":27,"minecraft:flint":1,"minecraft:cobblestone_stairs":2,"minecraft:dirt":79,"minecraft:gray_wool":2,"minecraft:diorite":51,"minecraft:torch":1,"minecraft:mutton":48,"minecraft:rabbit":1,"minecraft:brown_wool":2,"minecraft:map":1,"minecraft:gold_nugget":4,"minecraft:sand":3,"minecraft:paper":14,"minecraft:dark_oak_planks":3,"minecraft:spruce_sapling":1,"minecraft:gravel":13,"minecraft:moss_carpet":33,"minecraft:sweet_berries":93,"minecraft:raw_copper":2,"minecraft:rotten_flesh":2,"minecraft:light_gray_wool":1,"minecraft:cooked_mutton":11,"minecraft:white_bed":3,"minecraft:spruce_fence":8,"minecraft:salmon":6,"minecraft:shield":1,"minecraft:peony":9,"minecraft:jungle_stairs":1,"minecraft:andesite":85,"minecraft:yellow_bed":1,"minecraft:oak_sapling":2,"minecraft:chest":1,"minecraft:ladder":5,"minecraft:azalea":18,"minecraft:spruce_log":9,"minecraft:arrow":3,"minecraft:stone_pickaxe":1,"minecraft:black_wool":2},"minecraft:killed_by":{"minecraft:creeper":1,"minecraft:skeleton":2}},"DataVersion":3953}