{"stats":{"minecraft:used":{"minecraft:stone_sword":15,"minecraft:stone_pickaxe":266,"minecraft:chest":4,"minecraft:wooden_pickaxe":59,"minecraft:salmon":4,"minecraft:torch":78,"minecraft:dirt":84,"minecraft:mutton":4,"minecraft:crafting_table":4,"minecraft:white_bed":7,"minecraft:spruce_boat":1,"minecraft:stone_axe":23,"minecraft:cobblestone":28,"minecraft:sweet_berries":3,"minecraft:furnace":1},"minecraft:mined":{"minecraft:white_bed":6,"minecraft:crafting_table":2,"minecraft:torch":2,"minecraft:short_grass":1,"minecraft:grass_block":54,"minecraft:chest":2,"minecraft:cobblestone":3,"minecraft:copper_ore":13,"minecraft:spruce_leaves":43,"minecraft:sugar_cane":5,"minecraft:wall_torch":1,"minecraft:large_fern":14,"minecraft:seagrass":2,"minecraft:tall_seagrass":1,"minecraft:iron_ore":7,"minecraft:sweet_berry_bush":3,"minecraft:spruce_log":30,"minecraft:coal_ore":129,"minecraft:dirt":61,"minecraft:sand":1,"minecraft:stone":125,"minecraft:fern":5},"minecraft:picked_up":{"minecraft:crafting_table":3,"minecraft:feather":5,"minecraft:chicken":4,"minecraft:salmon":43,"minecraft:brown_mushroom":1,"minecraft:dirt":150,"minecraft:raw_copper":46,"minecraft:wheat_seeds":2,"minecraft:stone_pickaxe":1,"minecraft:chest":2,"minecraft:sugar_cane":39,"minecraft:raw_copper_block":4,"minecraft:egg":1,"minecraft:stick":9,"minecraft:raw_iron":9,"minecraft:sweet_berries":27,"minecraft:torch":61,"minecraft:sand":3,"minecraft:spruce_sapling":13,"minecraft:ink_sac":3,"minecraft:white_bed":6,"minecraft:spruce_log":40,"minecraft:stone_sword":1,"minecraft:arrow":1,"minecraft:rotten_flesh":6,"minecraft:stone_axe":1,"minecraft:spruce_boat":3,"minecraft:bone_meal":6,"minecraft:mutton":9,"minecraft:coal":137,"minecraft:white_wool":6,"minecraft:cobblestone":199},"minecraft:killed":{"minecraft:salmon":17,"minecraft:spider":1,"minecraft:sheep":6,"minecraft:skeleton":1,"minecraft:zombie":1,"minecraft:chicken":4,"minecraft:drowned":1},"minecraft:crafted":{"minecraft:crafting_table":2,"minecraft:spruce_planks":108,"minecraft:wooden_pickaxe":1,"minecraft:furnace":1,"minecraft:stone_axe":1,"minecraft:raw_copper_block":4,"minecraft:stick":78,"minecraft:stone_pickaxe":5,"minecraft:stone_sword":2,"minecraft:chest":2,"minecraft:white_bed":1,"minecraft:spruce_boat":1,"minecraft:torch":192},"minecraft:custom":{"minecraft:interact_with_furnace":2,"minecraft:mob_kills":31,"minecraft:interact_with_crafting_table":11,"minecraft:leave_game":2,"minecraft:time_since_death":17928,"minecraft:sleep_in_bed":5,"minecraft:time_since_rest":17966,"minecraft:sprint_one_cm":84478,"minecraft:damage_taken":710,"minecraft:walk_one_cm":369366,"minecraft:drop":1,"minecraft:damage_dealt":2080,"minecraft:swim_one_cm":9954,"minecraft:fly_one_cm":17948,"minecraft:open_chest":6,"minecraft:play_time":106743,"minecraft:deaths":2,"minecraft:walk_under_water_one_cm":51254,"minecraft:boat_one_cm":168838,"minecraft:jump":839,"minecraft:walk_on_water_one_cm":59179,"minecraft:total_world_time":106743,"minecraft:fall_one_cm":7586},"minecraft:broken":{"minecraft:stone_pickaxe":2,"minecraft:wooden_pickaxe":1},"minecraft:dropped":{"minecraft:stick":1},"minecraft:killed_by":{"minecraft:skeleton":2}},"DataVersion":3953}