{"stats":{"minecraft:killed_by":{"minecraft:creeper":1,"minecraft:skeleton":2},"minecraft:crafted":{"minecraft:oak_planks":70,"minecraft:cooked_chicken":10,"minecraft:furnace":5,"minecraft:spruce_fence":36,"minecraft:heavy_weighted_pressure_plate":1,"minecraft:raw_copper_block":4,"minecraft:cooked_mutton":51,"minecraft:iron_boots":2,"minecraft:raw_copper":28,"minecraft:ladder":36,"minecraft:stone_pickaxe":14,"minecraft:chest":4,"minecraft:oak_button":1,"minecraft:iron_door":3,"minecraft:spruce_boat":2,"minecraft:cooked_beef":41,"minecraft:cooked_porkchop":41,"minecraft:crafting_table":6,"minecraft:spruce_planks":340,"minecraft:iron_helmet":1,"minecraft:wooden_pickaxe":1,"minecraft:iron_sword":1,"minecraft:copper_ingot":88,"minecraft:stone_axe":2,"minecraft:iron_chestplate":1,"minecraft:shield":3,"minecraft:stick":240,"minecraft:iron_ingot":86,"minecraft:stone_sword":2,"minecraft:iron_leggings":2,"minecraft:white_bed":7,"minecraft:torch":244},"minecraft:dropped":{"minecraft:bread":4,"minecraft:dark_oak_stairs":4,"minecraft:moss_block":113,"minecraft:brown_mushroom":5,"minecraft:wheat_seeds":172,"minecraft:oak_log":9,"minecraft:mossy_cobblestone":36,"minecraft:feather":39,"minecraft:cobblestone":118,"minecraft:glow_berries":1,"minecraft:granite":63,"minecraft:jungle_planks":5,"minecraft:stick":27,"minecraft:flint":1,"minecraft:cobblestone_stairs":2,"minecraft:dirt":79,"minecraft:gray_wool":2,"minecraft:diorite":51,"minecraft:torch":1,"minecraft:mutton":48,"minecraft:rabbit":1,"minecraft:brown_wool":2,"minecraft:map":1,"minecraft:sand":3,"minecraft:gold_nugget":4,"minecraft:paper":14,"minecraft:dark_oak_planks":3,"minecraft:spruce_sapling":1,"minecraft:gravel":22,"minecraft:moss_carpet":33,"minecraft:sweet_berries":93,"minecraft:iron_nugget":4,"minecraft:raw_copper":13,"minecraft:wheat":2,"minecraft:rotten_flesh":2,"minecraft:light_gray_wool":1,"minecraft:cooked_mutton":11,"minecraft:white_bed":3,"minecraft:salmon":6,"minecraft:spruce_fence":8,"minecraft:shield":1,"minecraft:peony":9,"minecraft:jungle_stairs":1,"minecraft:ladder":5,"minecraft:andesite":85,"minecraft:yellow_bed":1,"minecraft:azalea":18,"minecraft:chest":1,"minecraft:oak_sapling":5,"minecraft:spruce_log":9,"minecraft:arrow":3,"minecraft:stone_pickaxe":1,"minecraft:black_wool":2},"minecraft:used":{"minecraft:moss_block":23,"minecraft:moss_carpet":5,"minecraft:stone_sword":166,"minecraft:armor_stand":1,"minecraft:ladder":31,"minecraft:poppy":2,"minecraft:chest":9,"minecraft:spruce_planks":4,"minecraft:shield":20,"minecraft:iron_sword":310,"minecraft:cooked_chicken":10,"minecraft:torch":229,"minecraft:dirt":276,"minecraft:mutton":4,"minecraft:carrot":5,"minecraft:azure_bluet":5,"minecraft:spruce_fence":29,"minecraft:spruce_boat":26,"minecraft:bow":23,"minecraft:sweet_berries":46,"minecraft:furnace":6,"minecraft:beetroot_seeds":6,"minecraft:cooked_beef":11,"minecraft:potato":6,"minecraft:seagrass":5,"minecraft:cooked_mutton":4,"minecraft:stone_pickaxe":1795,"minecraft:oak_planks":2,"minecraft:wooden_pickaxe":59,"minecraft:blue_bed":10,"minecraft:salmon":4,"minecraft:glow_berries":2,"minecraft:sand":3,"minecraft:crafting_table":10,"minecraft:blast_furnace":4,"minecraft:white_bed":37,"minecraft:cornflower":2,"minecraft:oxeye_daisy":1,"minecraft:sunflower":23,"minecraft:string":1,"minecraft:heavy_weighted_pressure_plate":1,"minecraft:chicken":2,"minecraft:oak_button":1,"minecraft:iron_door":2,"minecraft:stone_axe":179,"minecraft:cobblestone":443,"minecraft:cooked_porkchop":25,"minecraft:yellow_bed":2,"minecraft:dandelion":19,"minecraft:golden_pickaxe":31},"minecraft:broken":{"minecraft:stone_sword":1,"minecraft:wooden_pickaxe":1,"minecraft:stone_pickaxe":13,"minecraft:stone_axe":1},"minecraft:killed":{"minecraft:spider":2,"minecraft:skeleton":7,"minecraft:chicken":29,"minecraft:drowned":2,"minecraft:turtle":4,"minecraft:wolf":1,"minecraft:pig":26,"minecraft:salmon":23,"minecraft:rabbit":1,"minecraft:creeper":4,"minecraft:sheep":73,"minecraft:zombie":4,"minecraft:villager":1,"minecraft:cow":35},"minecraft:custom":{"minecraft:mob_kills":229,"minecraft:animals_bred":2,"minecraft:interact_with_crafting_table":75,"minecraft:bell_ring":4,"minecraft:leave_game":13,"minecraft:time_since_death":749622,"minecraft:climb_one_cm":45276,"minecraft:sprint_one_cm":1216245,"minecraft:walk_one_cm":3063279,"minecraft:damage_blocked_by_shield":535,"minecraft:drop":363,"minecraft:talked_to_villager":2,"minecraft:play_time":868194,"minecraft:deaths":3,"minecraft:sneak_time":130,"minecraft:walk_under_water_one_cm":82787,"minecraft:boat_one_cm":2573885,"minecraft:jump":6498,"minecraft:interact_with_blast_furnace":13,"minecraft:walk_on_water_one_cm":162998,"minecraft:total_world_time":868194,"minecraft:interact_with_furnace":62,"minecraft:sleep_in_bed":56,"minecraft:time_since_rest":3961,"minecraft:damage_taken":3183,"minecraft:damage_dealt":18904,"minecraft:swim_one_cm":58642,"minecraft:fly_one_cm":468236,"minecraft:open_chest":130,"minecraft:crouch_one_cm":771,"minecraft:fall_one_cm":85688},"minecraft:picked_up":{"minecraft:seagrass":5,"minecraft:charcoal":2,"minecraft:crafting_table":6,"minecraft:wheat":2,"minecraft:azure_bluet":5,"minecraft:chicken":33,"minecraft:ladder":15,"minecraft:clay_ball":20,"minecraft:brown_mushroom":6,"minecraft:brewing_stand":1,"minecraft:cornflower":2,"minecraft:string":5,"minecraft:moss_carpet":38,"minecraft:raw_copper":106,"minecraft:armor_stand":2,"minecraft:iron_shovel":1,"minecraft:beetroot":4,"minecraft:cartography_table":1,"minecraft:gold_nugget":6,"minecraft:spruce_planks":10,"minecraft:beef":89,"minecraft:azalea":18,"minecraft:poppy":2,"minecraft:light_gray_wool":4,"minecraft:sugar_cane":47,"minecraft:chest":6,"minecraft:furnace":1,"minecraft:raw_copper_block":4,"minecraft:egg":5,"minecraft:stick":38,"minecraft:raw_iron":80,"minecraft:oak_door":2,"minecraft:composter":2,"minecraft:copper_ingot":24,"minecraft:torch":217,"minecraft:spruce_fence":1,"minecraft:porkchop":54,"minecraft:diorite":51,"minecraft:carrot":39,"minecraft:dark_oak_planks":3,"minecraft:stone_sword":3,"minecraft:arrow":37,"minecraft:rotten_flesh":67,"minecraft:tropical_fish":7,"minecraft:beetroot_seeds":20,"minecraft:jungle_stairs":1,"minecraft:peony":32,"minecraft:glow_berries":13,"minecraft:mutton":118,"minecraft:white_wool":59,"minecraft:cobblestone":944,"minecraft:oxeye_daisy":1,"minecraft:feather":53,"minecraft:andesite":85,"minecraft:salmon":56,"minecraft:brown_wool":3,"minecraft:leather":31,"minecraft:potato":22,"minecraft:flint":1,"minecraft:oak_log":91,"minecraft:yellow_bed":4,"minecraft:gunpowder":7,"minecraft:cobblestone_stairs":2,"minecraft:lapis_lazuli":17,"minecraft:dirt":423,"minecraft:blue_bed":11,"minecraft:bone":36,"minecraft:bow":1,"minecraft:wheat_seeds":238,"minecraft:bell":1,"minecraft:rabbit_hide":1,"minecraft:iron_ingot":1,"minecraft:stone_pickaxe":5,"minecraft:rabbit":1,"minecraft:moss_block":136,"minecraft:oak_planks":2,"minecraft:flowering_azalea":12,"minecraft:dark_oak_stairs":4,"minecraft:cooked_porkchop":3,"minecraft:sweet_berries":336,"minecraft:dandelion":19,"minecraft:gravel":22,"minecraft:sand":9,"minecraft:jungle_planks":5,"minecraft:spruce_sapling":17,"minecraft:ink_sac":3,"minecraft:blast_furnace":4,"minecraft:white_bed":34,"minecraft:spruce_log":115,"minecraft:spider_eye":1,"minecraft:mossy_cobblestone":36,"minecraft:spruce_boat":29,"minecraft:stone_axe":2,"minecraft:granite":63,"minecraft:bone_meal":6,"minecraft:gray_wool":3,"minecraft:jack_o_lantern":1,"minecraft:oak_sapling":8,"minecraft:black_wool":2,"minecraft:coal":421,"minecraft:sunflower":23},"minecraft:mined":{"minecraft:dark_oak_planks":4,"minecraft:spruce_planks":9,"minecraft:white_bed":30,"minecraft:mossy_cobblestone":30,"minecraft:oak_door":2,"minecraft:cobblestone_stairs":2,"minecraft:jack_o_lantern":1,"minecraft:brewing_stand":1,"minecraft:granite":52,"minecraft:cave_vines_plant":14,"minecraft:glow_lichen":1,"minecraft:ladder":9,"minecraft:spruce_fence":1,"minecraft:grass_block":173,"minecraft:jungle_planks":8,"minecraft:cartography_table":1,"minecraft:spruce_leaves":132,"minecraft:composter":2,"minecraft:moss_block":106,"minecraft:large_fern":43,"minecraft:tall_seagrass":2,"minecraft:furnace":1,"minecraft:carrots":34,"minecraft:iron_ore":78,"minecraft:andesite":48,"minecraft:moss_carpet":27,"minecraft:azure_bluet":4,"minecraft:peony":32,"minecraft:dark_oak_stairs":2,"minecraft:bell":1,"minecraft:dirt_path":2,"minecraft:potatoes":24,"minecraft:cave_vines":7,"minecraft:oak_stairs":2,"minecraft:packed_ice":49,"minecraft:azalea":15,"minecraft:stone":811,"minecraft:flowering_azalea":10,"minecraft:brown_mushroom":2,"minecraft:kelp_plant":1,"minecraft:oak_fence":1,"minecraft:powder_snow":79,"minecraft:dandelion":17,"minecraft:cornflower":1,"minecraft:clay":13,"minecraft:crafting_table":4,"minecraft:torch":14,"minecraft:jungle_stairs":1,"minecraft:short_grass":1149,"minecraft:blast_furnace":4,"minecraft:poppy":1,"minecraft:chest":5,"minecraft:rose_bush":5,"minecraft:campfire":1,"minecraft:cobblestone":41,"minecraft:copper_ore":33,"minecraft:tall_grass":91,"minecraft:lapis_ore":3,"minecraft:oak_planks":2,"minecraft:sugar_cane":8,"minecraft:diorite":30,"minecraft:wall_torch":9,"minecraft:blue_bed":12,"minecraft:big_dripleaf":1,"minecraft:spruce_stairs":2,"minecraft:seagrass":2,"minecraft:sweet_berry_bush":63,"minecraft:wheat":56,"minecraft:ice":25,"minecraft:spruce_log":58,"minecraft:yellow_bed":3,"minecraft:oak_log":92,"minecraft:coal_ore":413,"minecraft:beetroots":11,"minecraft:sunflower":23,"minecraft:gravel":14,"minecraft:sand":10,"minecraft:dirt":130,"minecraft:oak_leaves":3,"minecraft:fern":35}},"DataVersion":3953}