{"stats":{"minecraft:used":{"minecraft:spruce_boat":1,"minecraft:dirt":6,"minecraft:mutton":3,"minecraft:crafting_table":1,"minecraft:white_bed":3},"minecraft:picked_up":{"minecraft:stick":4,"minecraft:salmon":17,"minecraft:sand":1,"minecraft:spruce_sapling":4,"minecraft:ink_sac":1,"minecraft:white_bed":3,"minecraft:spruce_log":14,"minecraft:dirt":19,"minecraft:rotten_flesh":2,"minecraft:spruce_boat":1,"minecraft:bone_meal":2,"minecraft:sugar_cane":13,"minecraft:mutton":4,"minecraft:white_wool":3},"minecraft:mined":{"minecraft:large_fern":14,"minecraft:seagrass":2,"minecraft:tall_seagrass":1,"minecraft:white_bed":3,"minecraft:spruce_log":14,"minecraft:short_grass":1,"minecraft:grass_block":7,"minecraft:sand":1,"minecraft:dirt":14,"minecraft:spruce_leaves":20,"minecraft:sugar_cane":5,"minecraft:fern":4},"minecraft:crafted":{"minecraft:crafting_table":2,"minecraft:spruce_planks":16,"minecraft:white_bed":1,"minecraft:spruce_boat":1},"minecraft:killed":{"minecraft:sheep":3,"minecraft:salmon":17,"minecraft:drowned":1},"minecraft:custom":{"minecraft:time_since_rest":6022,"minecraft:sprint_one_cm":24950,"minecraft:damage_taken":135,"minecraft:walk_one_cm":108655,"minecraft:mob_kills":21,"minecraft:drop":1,"minecraft:damage_dealt":1032,"minecraft:swim_one_cm":9954,"minecraft:interact_with_crafting_table":3,"minecraft:fly_one_cm":4949,"minecraft:play_time":41011,"minecraft:walk_under_water_one_cm":51254,"minecraft:boat_one_cm":168838,"minecraft:jump":241,"minecraft:walk_on_water_one_cm":59179,"minecraft:time_since_death":41011,"minecraft:sleep_in_bed":3,"minecraft:total_world_time":41011,"minecraft:fall_one_cm":2475},"minecraft:dropped":{"minecraft:stick":1}},"DataVersion":3953}