{"stats":{"minecraft:used":{"minecraft:stone_sword":129,"minecraft:stone_pickaxe":705,"minecraft:chest":4,"minecraft:wooden_pickaxe":59,"minecraft:blue_bed":2,"minecraft:cooked_chicken":9,"minecraft:salmon":4,"minecraft:torch":98,"minecraft:dirt":124,"minecraft:mutton":4,"minecraft:crafting_table":7,"minecraft:white_bed":15,"minecraft:spruce_boat":3,"minecraft:chicken":2,"minecraft:stone_axe":92,"minecraft:cobblestone":69,"minecraft:sweet_berries":14,"minecraft:furnace":5,"minecraft:cooked_porkchop":1,"minecraft:cooked_beef":2},"minecraft:mined":{"minecraft:white_bed":13,"minecraft:mossy_cobblestone":30,"minecraft:cobblestone_stairs":2,"minecraft:jack_o_lantern":1,"minecraft:crafting_table":4,"minecraft:torch":11,"minecraft:short_grass":9,"minecraft:blast_furnace":3,"minecraft:grass_block":64,"minecraft:chest":2,"minecraft:campfire":1,"minecraft:copper_ore":13,"minecraft:tall_grass":4,"minecraft:cobblestone":13,"minecraft:spruce_leaves":89,"minecraft:lapis_ore":3,"minecraft:sugar_cane":8,"minecraft:diorite":2,"minecraft:blue_bed":4,"minecraft:wall_torch":5,"minecraft:large_fern":21,"minecraft:seagrass":2,"minecraft:tall_seagrass":2,"minecraft:furnace":1,"minecraft:iron_ore":20,"minecraft:wheat":1,"minecraft:sweet_berry_bush":33,"minecraft:spruce_log":57,"minecraft:coal_ore":360,"minecraft:dirt":64,"minecraft:gravel":10,"minecraft:sand":1,"minecraft:stone":197,"minecraft:fern":8},"minecraft:picked_up":{"minecraft:charcoal":2,"minecraft:crafting_table":6,"minecraft:feather":23,"minecraft:chicken":16,"minecraft:salmon":55,"minecraft:leather":16,"minecraft:brown_wool":1,"minecraft:brown_mushroom":6,"minecraft:flint":1,"minecraft:gunpowder":3,"minecraft:cobblestone_stairs":2,"minecraft:lapis_lazuli":17,"minecraft:blue_bed":4,"minecraft:dirt":200,"minecraft:raw_copper":46,"minecraft:armor_stand":2,"minecraft:bone":2,"minecraft:wheat_seeds":9,"minecraft:spruce_planks":1,"minecraft:stone_pickaxe":4,"minecraft:beef":55,"minecraft:light_gray_wool":3,"minecraft:sugar_cane":47,"minecraft:chest":2,"minecraft:furnace":1,"minecraft:raw_copper_block":4,"minecraft:egg":2,"minecraft:stick":35,"minecraft:raw_iron":22,"minecraft:sweet_berries":190,"minecraft:torch":205,"minecraft:gravel":9,"minecraft:porkchop":13,"minecraft:sand":3,"minecraft:spruce_sapling":17,"minecraft:ink_sac":3,"minecraft:blast_furnace":3,"minecraft:diorite":2,"minecraft:white_bed":17,"minecraft:spruce_log":115,"minecraft:mossy_cobblestone":36,"minecraft:stone_sword":3,"minecraft:arrow":7,"minecraft:rotten_flesh":8,"minecraft:stone_axe":2,"minecraft:spruce_boat":5,"minecraft:bone_meal":6,"minecraft:gray_wool":1,"minecraft:jack_o_lantern":1,"minecraft:mutton":56,"minecraft:coal":368,"minecraft:white_wool":26,"minecraft:cobblestone":328},"minecraft:killed":{"minecraft:pig":5,"minecraft:salmon":23,"minecraft:spider":1,"minecraft:creeper":1,"minecraft:sheep":26,"minecraft:skeleton":4,"minecraft:zombie":2,"minecraft:chicken":12,"minecraft:drowned":2,"minecraft:cow":19},"minecraft:custom":{"minecraft:interact_with_furnace":15,"minecraft:mob_kills":97,"minecraft:interact_with_crafting_table":21,"minecraft:leave_game":3,"minecraft:time_since_death":119659,"minecraft:sleep_in_bed":15,"minecraft:climb_one_cm":315,"minecraft:time_since_rest":10507,"minecraft:sprint_one_cm":415302,"minecraft:damage_taken":1396,"minecraft:walk_one_cm":901283,"minecraft:drop":67,"minecraft:damage_dealt":7835,"minecraft:swim_one_cm":39968,"minecraft:fly_one_cm":78688,"minecraft:open_chest":22,"minecraft:play_time":238231,"minecraft:deaths":3,"minecraft:walk_under_water_one_cm":60985,"minecraft:boat_one_cm":426277,"minecraft:jump":1956,"minecraft:interact_with_blast_furnace":1,"minecraft:walk_on_water_one_cm":106258,"minecraft:total_world_time":238231,"minecraft:fall_one_cm":20854},"minecraft:crafted":{"minecraft:cooked_beef":2,"minecraft:cooked_porkchop":1,"minecraft:crafting_table":3,"minecraft:spruce_planks":180,"minecraft:cooked_chicken":10,"minecraft:wooden_pickaxe":1,"minecraft:furnace":4,"minecraft:stone_axe":1,"minecraft:raw_copper_block":4,"minecraft:stick":78,"minecraft:iron_ingot":7,"minecraft:stone_pickaxe":6,"minecraft:stone_sword":2,"minecraft:chest":2,"minecraft:white_bed":2,"minecraft:spruce_boat":2,"minecraft:torch":192},"minecraft:broken":{"minecraft:stone_pickaxe":5,"minecraft:stone_axe":1,"minecraft:wooden_pickaxe":1},"minecraft:dropped":{"minecraft:brown_mushroom":5,"minecraft:sweet_berries":2,"minecraft:wheat_seeds":6,"minecraft:mossy_cobblestone":36,"minecraft:feather":9,"minecraft:white_bed":3,"minecraft:stick":1,"minecraft:flint":1,"minecraft:cobblestone_stairs":2,"minecraft:dirt":10,"minecraft:diorite":1,"minecraft:torch":1,"minecraft:map":1,"minecraft:arrow":2,"minecraft:paper":5,"minecraft:spruce_sapling":1},"minecraft:killed_by":{"minecraft:skeleton":2,"minecraft:creeper":1}},"DataVersion":3953}