{"stats":{"minecraft:killed_by":{"minecraft:creeper":1,"minecraft:skeleton":2},"minecraft:crafted":{"minecraft:oak_planks":228,"minecraft:cooked_chicken":10,"minecraft:heavy_weighted_pressure_plate":1,"minecraft:cooked_mutton":51,"minecraft:iron_boots":2,"minecraft:raw_copper":28,"minecraft:chest":18,"minecraft:oak_button":1,"minecraft:iron_door":3,"minecraft:oak_slab":36,"minecraft:cooked_porkchop":41,"minecraft:crafting_table":7,"minecraft:spruce_planks":340,"minecraft:wooden_pickaxe":1,"minecraft:iron_helmet":1,"minecraft:copper_ingot":88,"minecraft:iron_chestplate":1,"minecraft:shield":3,"minecraft:stick":310,"minecraft:iron_ingot":86,"minecraft:stone_sword":2,"minecraft:stone_shovel":11,"minecraft:furnace":5,"minecraft:spruce_fence":36,"minecraft:raw_copper_block":4,"minecraft:ladder":36,"minecraft:stone_pickaxe":16,"minecraft:spruce_boat":2,"minecraft:cooked_beef":41,"minecraft:iron_sword":1,"minecraft:bucket":4,"minecraft:stone_axe":3,"minecraft:iron_leggings":2,"minecraft:white_bed":7,"minecraft:torch":244},"minecraft:dropped":{"minecraft:moss_block":113,"minecraft:brown_mushroom":5,"minecraft:dark_oak_stairs":4,"minecraft:oak_log":9,"minecraft:glow_berries":1,"minecraft:jungle_planks":5,"minecraft:cobblestone_stairs":2,"minecraft:flint":1,"minecraft:dirt":79,"minecraft:mutton":48,"minecraft:gold_nugget":4,"minecraft:sand":3,"minecraft:dark_oak_planks":3,"minecraft:birch_log":2,"minecraft:white_wool":1,"minecraft:gravel":22,"minecraft:iron_nugget":4,"minecraft:wheat":2,"minecraft:rotten_flesh":2,"minecraft:oak_planks":1,"minecraft:cooked_mutton":11,"minecraft:white_bed":3,"minecraft:salmon":6,"minecraft:jungle_stairs":1,"minecraft:azalea":18,"minecraft:chest":1,"minecraft:ladder":5,"minecraft:arrow":3,"minecraft:egg":4,"minecraft:bread":4,"minecraft:wheat_seeds":383,"minecraft:mossy_cobblestone":36,"minecraft:feather":39,"minecraft:cobblestone":118,"minecraft:granite":63,"minecraft:stick":27,"minecraft:gray_wool":2,"minecraft:diorite":51,"minecraft:torch":3,"minecraft:rabbit":1,"minecraft:brown_wool":2,"minecraft:map":1,"minecraft:oak_stairs":1,"minecraft:paper":14,"minecraft:spruce_sapling":1,"minecraft:dandelion":2,"minecraft:moss_carpet":33,"minecraft:sweet_berries":93,"minecraft:raw_copper":13,"minecraft:composter":3,"minecraft:chicken":1,"minecraft:light_gray_wool":1,"minecraft:spruce_fence":8,"minecraft:shield":1,"minecraft:peony":9,"minecraft:andesite":85,"minecraft:yellow_bed":1,"minecraft:oak_sapling":11,"minecraft:spruce_log":9,"minecraft:stone_pickaxe":1,"minecraft:black_wool":2},"minecraft:used":{"minecraft:peony":1,"minecraft:moss_block":23,"minecraft:moss_carpet":5,"minecraft:iron_shovel":168,"minecraft:poppy":3,"minecraft:ladder":31,"minecraft:shield":24,"minecraft:chest":31,"minecraft:iron_sword":310,"minecraft:mutton":4,"minecraft:carrot":5,"minecraft:azure_bluet":9,"minecraft:spruce_boat":31,"minecraft:bow":23,"minecraft:hay_block":3,"minecraft:sweet_berries":46,"minecraft:furnace":6,"minecraft:beetroot_seeds":6,"minecraft:potato":6,"minecraft:seagrass":5,"minecraft:stone_pickaxe":1965,"minecraft:oak_planks":53,"minecraft:wooden_pickaxe":59,"minecraft:sandstone":8,"minecraft:blue_bed":10,"minecraft:glow_berries":2,"minecraft:sand":283,"minecraft:blast_furnace":4,"minecraft:heavy_weighted_pressure_plate":1,"minecraft:string":1,"minecraft:iron_door":2,"minecraft:golden_pickaxe":31,"minecraft:stone_sword":199,"minecraft:armor_stand":1,"minecraft:stone_shovel":1483,"minecraft:spruce_planks":4,"minecraft:cooked_chicken":10,"minecraft:oak_door":1,"minecraft:torch":249,"minecraft:dirt":1095,"minecraft:spruce_fence":29,"minecraft:oak_stairs":2,"minecraft:cooked_beef":11,"minecraft:cooked_mutton":4,"minecraft:water_bucket":9,"minecraft:salmon":4,"minecraft:mossy_cobblestone":2,"minecraft:oak_slab":40,"minecraft:crafting_table":11,"minecraft:white_bed":45,"minecraft:oak_log":30,"minecraft:cornflower":3,"minecraft:oxeye_daisy":5,"minecraft:sunflower":23,"minecraft:chicken":2,"minecraft:oak_button":1,"minecraft:spruce_sapling":17,"minecraft:stone_axe":436,"minecraft:cobblestone":592,"minecraft:cooked_porkchop":32,"minecraft:bucket":10,"minecraft:yellow_bed":3,"minecraft:dandelion":20},"minecraft:broken":{"minecraft:iron_shovel":1,"minecraft:stone_pickaxe":13,"minecraft:stone_axe":3,"minecraft:stone_shovel":10,"minecraft:stone_sword":1,"minecraft:wooden_pickaxe":1},"minecraft:killed":{"minecraft:spider":2,"minecraft:skeleton":7,"minecraft:chicken":29,"minecraft:turtle":4,"minecraft:wolf":1,"minecraft:pig":26,"minecraft:salmon":50,"minecraft:creeper":4,"minecraft:sheep":73,"minecraft:zombie":4,"minecraft:cow":35,"minecraft:drowned":2,"minecraft:rabbit":1,"minecraft:squid":1,"minecraft:villager":2},"minecraft:custom":{"minecraft:animals_bred":2,"minecraft:interact_with_crafting_table":90,"minecraft:bell_ring":10,"minecraft:leave_game":13,"minecraft:time_since_death":1013622,"minecraft:sprint_one_cm":1441334,"minecraft:damage_blocked_by_shield":771,"minecraft:drop":419,"minecraft:talked_to_villager":4,"minecraft:play_time":1132194,"minecraft:deaths":3,"minecraft:jump":8156,"minecraft:walk_on_water_one_cm":197296,"minecraft:interact_with_furnace":63,"minecraft:sleep_in_bed":84,"minecraft:damage_dealt":20124,"minecraft:crouch_one_cm":2069,"minecraft:mob_kills":260,"minecraft:climb_one_cm":47295,"minecraft:walk_one_cm":4459965,"minecraft:sneak_time":549,"minecraft:walk_under_water_one_cm":118647,"minecraft:boat_one_cm":3107442,"minecraft:interact_with_blast_furnace":13,"minecraft:total_world_time":1132194,"minecraft:time_since_rest":463,"minecraft:damage_taken":3337,"minecraft:swim_one_cm":82929,"minecraft:fly_one_cm":687512,"minecraft:open_chest":183,"minecraft:fall_one_cm":100260},"minecraft:picked_up":{"minecraft:seagrass":5,"minecraft:wheat":13,"minecraft:lead":2,"minecraft:oak_stairs":10,"minecraft:brewing_stand":1,"minecraft:string":14,"minecraft:raw_copper":106,"minecraft:armor_stand":2,"minecraft:beetroot":14,"minecraft:gold_nugget":6,"minecraft:spruce_planks":10,"minecraft:azalea":18,"minecraft:furnace":1,"minecraft:stick":40,"minecraft:composter":8,"minecraft:torch":223,"minecraft:porkchop":54,"minecraft:diorite":51,"minecraft:cauldron":4,"minecraft:rotten_flesh":77,"minecraft:stone_sword":3,"minecraft:tropical_fish":7,"minecraft:cobblestone":973,"minecraft:birch_log":2,"minecraft:feather":53,"minecraft:andesite":85,"minecraft:brown_wool":3,"minecraft:potato":63,"minecraft:flint":1,"minecraft:lapis_lazuli":17,"minecraft:dirt":1269,"minecraft:bone":44,"minecraft:bow":1,"minecraft:wheat_seeds":413,"minecraft:bell":1,"minecraft:rabbit":1,"minecraft:moss_block":136,"minecraft:oak_planks":9,"minecraft:cooked_porkchop":3,"minecraft:jungle_planks":5,"minecraft:sand":382,"minecraft:ink_sac":6,"minecraft:mossy_cobblestone":39,"minecraft:spruce_boat":34,"minecraft:granite":63,"minecraft:bone_meal":8,"minecraft:jack_o_lantern":1,"minecraft:oak_sapling":11,"minecraft:charcoal":2,"minecraft:crafting_table":6,"minecraft:azure_bluet":11,"minecraft:chicken":34,"minecraft:ladder":15,"minecraft:clay_ball":20,"minecraft:brown_mushroom":6,"minecraft:cornflower":3,"minecraft:moss_carpet":38,"minecraft:iron_shovel":1,"minecraft:cartography_table":1,"minecraft:beef":89,"minecraft:poppy":3,"minecraft:light_gray_wool":4,"minecraft:chest":14,"minecraft:sugar_cane":50,"minecraft:raw_copper_block":4,"minecraft:egg":6,"minecraft:raw_iron":80,"minecraft:sandstone":26,"minecraft:oak_door":3,"minecraft:copper_ingot":24,"minecraft:spruce_fence":1,"minecraft:carrot":66,"minecraft:dark_oak_planks":3,"minecraft:arrow":47,"minecraft:beetroot_seeds":36,"minecraft:peony":33,"minecraft:jungle_stairs":1,"minecraft:hay_block":40,"minecraft:mutton":118,"minecraft:glow_berries":13,"minecraft:white_wool":60,"minecraft:oxeye_daisy":6,"minecraft:salmon":81,"minecraft:leather":31,"minecraft:oak_log":161,"minecraft:yellow_bed":5,"minecraft:gunpowder":7,"minecraft:cobblestone_stairs":5,"minecraft:blue_bed":11,"minecraft:rabbit_hide":1,"minecraft:iron_ingot":1,"minecraft:stone_pickaxe":5,"minecraft:flowering_azalea":12,"minecraft:dark_oak_stairs":4,"minecraft:oak_slab":4,"minecraft:sweet_berries":336,"minecraft:dandelion":39,"minecraft:gravel":22,"minecraft:spruce_sapling":34,"minecraft:blast_furnace":4,"minecraft:white_bed":44,"minecraft:spruce_log":144,"minecraft:spider_eye":1,"minecraft:stone_axe":2,"minecraft:gray_wool":3,"minecraft:black_wool":2,"minecraft:coal":484,"minecraft:sunflower":23},"minecraft:mined":{"minecraft:dark_oak_planks":4,"minecraft:spruce_planks":9,"minecraft:farmland":69,"minecraft:white_bed":40,"minecraft:cobblestone_stairs":5,"minecraft:brewing_stand":1,"minecraft:cave_vines_plant":14,"minecraft:granite":52,"minecraft:grass_block":495,"minecraft:composter":6,"minecraft:oxeye_daisy":4,"minecraft:smooth_stone":1,"minecraft:tall_seagrass":5,"minecraft:iron_ore":78,"minecraft:moss_carpet":27,"minecraft:azure_bluet":10,"minecraft:dark_oak_stairs":2,"minecraft:cave_vines":7,"minecraft:water_cauldron":4,"minecraft:dirt_path":269,"minecraft:oak_stairs":13,"minecraft:azalea":15,"minecraft:brown_mushroom":2,"minecraft:kelp_plant":1,"minecraft:powder_snow":79,"minecraft:clay":13,"minecraft:torch":14,"minecraft:jungle_stairs":1,"minecraft:blast_furnace":4,"minecraft:poppy":3,"minecraft:chest":13,"minecraft:cobblestone":62,"minecraft:sugar_cane":10,"minecraft:oak_planks":9,"minecraft:wall_torch":13,"minecraft:seagrass":2,"minecraft:birch_log":1,"minecraft:wheat":119,"minecraft:oak_log":164,"minecraft:beetroots":24,"minecraft:sand":390,"minecraft:dirt":282,"minecraft:oak_leaves":3,"minecraft:mossy_cobblestone":33,"minecraft:oak_door":2,"minecraft:jack_o_lantern":1,"minecraft:glow_lichen":1,"minecraft:ladder":9,"minecraft:spruce_fence":1,"minecraft:jungle_planks":8,"minecraft:spruce_leaves":150,"minecraft:moss_block":106,"minecraft:cartography_table":1,"minecraft:sandstone":26,"minecraft:large_fern":43,"minecraft:hay_block":40,"minecraft:spruce_sapling":5,"minecraft:furnace":1,"minecraft:carrots":57,"minecraft:andesite":48,"minecraft:peony":33,"minecraft:bell":1,"minecraft:potatoes":40,"minecraft:packed_ice":49,"minecraft:stone":822,"minecraft:oak_slab":3,"minecraft:flowering_azalea":10,"minecraft:glass_pane":3,"minecraft:dandelion":35,"minecraft:oak_fence":1,"minecraft:crafting_table":4,"minecraft:cornflower":2,"minecraft:short_grass":1548,"minecraft:rose_bush":5,"minecraft:campfire":1,"minecraft:tall_grass":124,"minecraft:copper_ore":33,"minecraft:lapis_ore":3,"minecraft:diorite":30,"minecraft:blue_bed":12,"minecraft:big_dripleaf":1,"minecraft:spruce_stairs":2,"minecraft:sweet_berry_bush":63,"minecraft:ice":25,"minecraft:spruce_log":87,"minecraft:yellow_bed":4,"minecraft:coal_ore":476,"minecraft:sunflower":23,"minecraft:gravel":15,"minecraft:fern":35}},"DataVersion":3953}