{"stats":{"minecraft:used":{"minecraft:stone_sword":88,"minecraft:stone_pickaxe":694,"minecraft:chest":4,"minecraft:wooden_pickaxe":59,"minecraft:cooked_chicken":7,"minecraft:salmon":4,"minecraft:torch":98,"minecraft:dirt":124,"minecraft:mutton":4,"minecraft:crafting_table":6,"minecraft:white_bed":14,"minecraft:spruce_boat":2,"minecraft:chicken":2,"minecraft:stone_axe":92,"minecraft:cobblestone":67,"minecraft:sweet_berries":14,"minecraft:furnace":4,"minecraft:cooked_beef":2},"minecraft:mined":{"minecraft:white_bed":13,"minecraft:mossy_cobblestone":30,"minecraft:cobblestone_stairs":2,"minecraft:jack_o_lantern":1,"minecraft:crafting_table":4,"minecraft:torch":11,"minecraft:short_grass":4,"minecraft:blast_furnace":3,"minecraft:grass_block":64,"minecraft:chest":2,"minecraft:campfire":1,"minecraft:tall_grass":4,"minecraft:cobblestone":13,"minecraft:copper_ore":13,"minecraft:spruce_leaves":79,"minecraft:lapis_ore":3,"minecraft:sugar_cane":8,"minecraft:diorite":2,"minecraft:blue_bed":2,"minecraft:wall_torch":5,"minecraft:large_fern":17,"minecraft:seagrass":2,"minecraft:tall_seagrass":2,"minecraft:furnace":1,"minecraft:wheat":1,"minecraft:iron_ore":11,"minecraft:sweet_berry_bush":33,"minecraft:spruce_log":57,"minecraft:gravel":9,"minecraft:coal_ore":360,"minecraft:dirt":64,"minecraft:sand":1,"minecraft:stone":196,"minecraft:fern":8},"minecraft:picked_up":{"minecraft:charcoal":2,"minecraft:crafting_table":6,"minecraft:feather":23,"minecraft:chicken":16,"minecraft:salmon":55,"minecraft:brown_wool":1,"minecraft:leather":11,"minecraft:brown_mushroom":6,"minecraft:flint":1,"minecraft:gunpowder":3,"minecraft:cobblestone_stairs":2,"minecraft:blue_bed":2,"minecraft:lapis_lazuli":17,"minecraft:dirt":200,"minecraft:raw_copper":46,"minecraft:armor_stand":2,"minecraft:bone":2,"minecraft:wheat_seeds":8,"minecraft:spruce_planks":1,"minecraft:beef":34,"minecraft:stone_pickaxe":4,"minecraft:light_gray_wool":3,"minecraft:chest":2,"minecraft:sugar_cane":47,"minecraft:furnace":1,"minecraft:raw_copper_block":4,"minecraft:egg":2,"minecraft:stick":31,"minecraft:raw_iron":13,"minecraft:sweet_berries":190,"minecraft:torch":205,"minecraft:gravel":8,"minecraft:porkchop":6,"minecraft:sand":3,"minecraft:diorite":2,"minecraft:spruce_sapling":16,"minecraft:blast_furnace":3,"minecraft:ink_sac":3,"minecraft:white_bed":17,"minecraft:spruce_log":115,"minecraft:mossy_cobblestone":36,"minecraft:stone_sword":3,"minecraft:arrow":7,"minecraft:rotten_flesh":8,"minecraft:stone_axe":2,"minecraft:spruce_boat":3,"minecraft:bone_meal":6,"minecraft:gray_wool":1,"minecraft:jack_o_lantern":1,"minecraft:mutton":55,"minecraft:coal":368,"minecraft:white_wool":25,"minecraft:cobblestone":327},"minecraft:killed":{"minecraft:pig":1,"minecraft:salmon":23,"minecraft:spider":1,"minecraft:creeper":1,"minecraft:sheep":26,"minecraft:skeleton":4,"minecraft:zombie":2,"minecraft:chicken":12,"minecraft:drowned":2,"minecraft:cow":8},"minecraft:custom":{"minecraft:interact_with_furnace":13,"minecraft:mob_kills":81,"minecraft:interact_with_crafting_table":19,"minecraft:leave_game":2,"minecraft:time_since_death":96171,"minecraft:sleep_in_bed":13,"minecraft:climb_one_cm":315,"minecraft:time_since_rest":11332,"minecraft:sprint_one_cm":282165,"minecraft:damage_taken":1366,"minecraft:walk_one_cm":810311,"minecraft:drop":66,"minecraft:damage_dealt":6270,"minecraft:swim_one_cm":38963,"minecraft:fly_one_cm":53096,"minecraft:open_chest":22,"minecraft:play_time":214743,"minecraft:deaths":3,"minecraft:walk_under_water_one_cm":60857,"minecraft:boat_one_cm":350837,"minecraft:jump":1726,"minecraft:interact_with_blast_furnace":1,"minecraft:walk_on_water_one_cm":101702,"minecraft:total_world_time":214743,"minecraft:fall_one_cm":17641},"minecraft:crafted":{"minecraft:cooked_beef":2,"minecraft:crafting_table":3,"minecraft:spruce_planks":180,"minecraft:wooden_pickaxe":1,"minecraft:cooked_chicken":7,"minecraft:furnace":3,"minecraft:stone_axe":1,"minecraft:raw_copper_block":4,"minecraft:stick":78,"minecraft:iron_ingot":7,"minecraft:stone_pickaxe":6,"minecraft:stone_sword":2,"minecraft:chest":2,"minecraft:white_bed":2,"minecraft:spruce_boat":2,"minecraft:torch":192},"minecraft:broken":{"minecraft:stone_pickaxe":5,"minecraft:stone_axe":1,"minecraft:wooden_pickaxe":1},"minecraft:dropped":{"minecraft:wheat_seeds":5,"minecraft:sweet_berries":2,"minecraft:brown_mushroom":5,"minecraft:mossy_cobblestone":36,"minecraft:feather":9,"minecraft:white_bed":3,"minecraft:flint":1,"minecraft:cobblestone_stairs":2,"minecraft:stick":1,"minecraft:dirt":10,"minecraft:diorite":1,"minecraft:torch":1,"minecraft:map":1,"minecraft:arrow":2,"minecraft:paper":5,"minecraft:spruce_sapling":1},"minecraft:killed_by":{"minecraft:skeleton":2,"minecraft:creeper":1}},"DataVersion":3953}