{"stats":{"minecraft:used":{"minecraft:dirt":1,"minecraft:crafting_table":1,"minecraft:white_bed":1},"minecraft:picked_up":{"minecraft:stick":1,"minecraft:salmon":3,"minecraft:rotten_flesh":2,"minecraft:ink_sac":1,"minecraft:spruce_sapling":1,"minecraft:white_bed":1,"minecraft:spruce_log":7,"minecraft:sugar_cane":5,"minecraft:mutton":4,"minecraft:dirt":2,"minecraft:white_wool":3},"minecraft:mined":{"minecraft:large_fern":2,"minecraft:seagrass":1,"minecraft:grass_block":2,"minecraft:white_bed":1,"minecraft:dirt":1,"minecraft:sugar_cane":2,"minecraft:spruce_leaves":8,"minecraft:spruce_log":7,"minecraft:fern":1},"minecraft:crafted":{"minecraft:white_bed":1,"minecraft:crafting_table":1,"minecraft:spruce_planks":8},"minecraft:killed":{"minecraft:sheep":3,"minecraft:drowned":1,"minecraft:salmon":3},"minecraft:custom":{"minecraft:time_since_rest":7644,"minecraft:sprint_one_cm":6280,"minecraft:play_time":17011,"minecraft:damage_taken":50,"minecraft:walk_one_cm":47395,"minecraft:walk_under_water_one_cm":31824,"minecraft:mob_kills":7,"minecraft:jump":78,"minecraft:damage_dealt":582,"minecraft:time_since_death":17011,"minecraft:walk_on_water_one_cm":24731,"minecraft:sleep_in_bed":1,"minecraft:total_world_time":17011,"minecraft:fly_one_cm":458,"minecraft:swim_one_cm":4020,"minecraft:interact_with_crafting_table":2,"minecraft:fall_one_cm":476}},"DataVersion":3953}