{"stats":{"minecraft:used":{"minecraft:stone_sword":22,"minecraft:stone_pickaxe":377,"minecraft:chest":4,"minecraft:wooden_pickaxe":59,"minecraft:salmon":4,"minecraft:torch":94,"minecraft:dirt":92,"minecraft:mutton":4,"minecraft:crafting_table":5,"minecraft:white_bed":10,"minecraft:spruce_boat":1,"minecraft:chicken":2,"minecraft:stone_axe":92,"minecraft:cobblestone":55,"minecraft:sweet_berries":14,"minecraft:furnace":1},"minecraft:mined":{"minecraft:white_bed":9,"minecraft:crafting_table":3,"minecraft:torch":7,"minecraft:short_grass":1,"minecraft:grass_block":57,"minecraft:chest":2,"minecraft:cobblestone":6,"minecraft:copper_ore":13,"minecraft:spruce_leaves":47,"minecraft:lapis_ore":3,"minecraft:sugar_cane":5,"minecraft:wall_torch":5,"minecraft:large_fern":16,"minecraft:seagrass":2,"minecraft:tall_seagrass":2,"minecraft:iron_ore":7,"minecraft:sweet_berry_bush":3,"minecraft:spruce_log":57,"minecraft:coal_ore":179,"minecraft:dirt":62,"minecraft:sand":1,"minecraft:stone":173,"minecraft:fern":5},"minecraft:picked_up":{"minecraft:crafting_table":5,"minecraft:feather":10,"minecraft:chicken":9,"minecraft:salmon":55,"minecraft:leather":6,"minecraft:brown_mushroom":2,"minecraft:gunpowder":3,"minecraft:lapis_lazuli":17,"minecraft:dirt":191,"minecraft:raw_copper":46,"minecraft:bone":1,"minecraft:wheat_seeds":3,"minecraft:spruce_planks":1,"minecraft:beef":28,"minecraft:stone_pickaxe":4,"minecraft:chest":2,"minecraft:sugar_cane":39,"minecraft:raw_copper_block":4,"minecraft:egg":2,"minecraft:stick":27,"minecraft:raw_iron":9,"minecraft:sweet_berries":45,"minecraft:torch":201,"minecraft:porkchop":6,"minecraft:sand":3,"minecraft:spruce_sapling":16,"minecraft:ink_sac":3,"minecraft:white_bed":10,"minecraft:spruce_log":68,"minecraft:stone_sword":3,"minecraft:arrow":5,"minecraft:rotten_flesh":8,"minecraft:stone_axe":2,"minecraft:spruce_boat":3,"minecraft:bone_meal":6,"minecraft:mutton":28,"minecraft:coal":187,"minecraft:white_wool":14,"minecraft:cobblestone":297},"minecraft:crafted":{"minecraft:crafting_table":3,"minecraft:spruce_planks":116,"minecraft:wooden_pickaxe":1,"minecraft:furnace":1,"minecraft:stone_axe":1,"minecraft:raw_copper_block":4,"minecraft:stick":78,"minecraft:stone_pickaxe":5,"minecraft:stone_sword":2,"minecraft:chest":2,"minecraft:white_bed":2,"minecraft:spruce_boat":1,"minecraft:torch":192},"minecraft:killed":{"minecraft:pig":1,"minecraft:salmon":23,"minecraft:spider":1,"minecraft:creeper":1,"minecraft:sheep":10,"minecraft:skeleton":3,"minecraft:zombie":2,"minecraft:chicken":5,"minecraft:drowned":2,"minecraft:cow":5},"minecraft:custom":{"minecraft:interact_with_furnace":2,"minecraft:mob_kills":54,"minecraft:interact_with_crafting_table":12,"minecraft:leave_game":2,"minecraft:time_since_death":24171,"minecraft:sleep_in_bed":8,"minecraft:time_since_rest":3687,"minecraft:sprint_one_cm":146568,"minecraft:damage_taken":1070,"minecraft:walk_one_cm":492168,"minecraft:drop":5,"minecraft:damage_dealt":4210,"minecraft:swim_one_cm":20483,"minecraft:fly_one_cm":25978,"minecraft:open_chest":6,"minecraft:play_time":142743,"minecraft:deaths":3,"minecraft:walk_under_water_one_cm":59739,"minecraft:boat_one_cm":168838,"minecraft:jump":1169,"minecraft:walk_on_water_one_cm":90074,"minecraft:total_world_time":142743,"minecraft:fall_one_cm":9962},"minecraft:broken":{"minecraft:stone_pickaxe":2,"minecraft:stone_axe":1,"minecraft:wooden_pickaxe":1},"minecraft:dropped":{"minecraft:sweet_berries":2,"minecraft:stick":1,"minecraft:dirt":1,"minecraft:torch":1},"minecraft:killed_by":{"minecraft:skeleton":2,"minecraft:creeper":1}},"DataVersion":3953}