{"stats":{"minecraft:used":{"minecraft:moss_block":23,"minecraft:moss_carpet":5,"minecraft:stone_sword":163,"minecraft:ladder":31,"minecraft:chest":6,"minecraft:shield":2,"minecraft:iron_sword":27,"minecraft:cooked_chicken":10,"minecraft:torch":192,"minecraft:dirt":125,"minecraft:mutton":4,"minecraft:spruce_fence":29,"minecraft:spruce_boat":4,"minecraft:sweet_berries":14,"minecraft:furnace":6,"minecraft:cooked_beef":2,"minecraft:stone_pickaxe":1651,"minecraft:wooden_pickaxe":59,"minecraft:blue_bed":5,"minecraft:salmon":4,"minecraft:glow_berries":2,"minecraft:crafting_table":8,"minecraft:blast_furnace":1,"minecraft:white_bed":27,"minecraft:chicken":2,"minecraft:stone_axe":92,"minecraft:cobblestone":249,"minecraft:cooked_porkchop":6},"minecraft:mined":{"minecraft:white_bed":20,"minecraft:mossy_cobblestone":30,"minecraft:cobblestone_stairs":2,"minecraft:jack_o_lantern":1,"minecraft:cave_vines_plant":10,"minecraft:granite":52,"minecraft:ladder":9,"minecraft:glow_lichen":1,"minecraft:spruce_fence":1,"minecraft:grass_block":64,"minecraft:spruce_leaves":97,"minecraft:moss_block":105,"minecraft:large_fern":21,"minecraft:tall_seagrass":2,"minecraft:furnace":1,"minecraft:iron_ore":76,"minecraft:andesite":48,"minecraft:moss_carpet":27,"minecraft:cave_vines":6,"minecraft:azalea":14,"minecraft:stone":784,"minecraft:flowering_azalea":2,"minecraft:crafting_table":4,"minecraft:clay":13,"minecraft:torch":12,"minecraft:short_grass":154,"minecraft:blast_furnace":3,"minecraft:chest":2,"minecraft:campfire":1,"minecraft:cobblestone":30,"minecraft:tall_grass":27,"minecraft:copper_ore":19,"minecraft:lapis_ore":3,"minecraft:sugar_cane":8,"minecraft:diorite":30,"minecraft:wall_torch":7,"minecraft:blue_bed":6,"minecraft:big_dripleaf":1,"minecraft:seagrass":2,"minecraft:wheat":1,"minecraft:sweet_berry_bush":33,"minecraft:spruce_log":57,"minecraft:coal_ore":363,"minecraft:gravel":14,"minecraft:sand":1,"minecraft:dirt":78,"minecraft:fern":9},"minecraft:picked_up":{"minecraft:charcoal":2,"minecraft:crafting_table":6,"minecraft:chicken":16,"minecraft:ladder":15,"minecraft:clay_ball":20,"minecraft:brown_mushroom":6,"minecraft:string":1,"minecraft:moss_carpet":38,"minecraft:raw_copper":59,"minecraft:armor_stand":2,"minecraft:spruce_planks":1,"minecraft:beef":55,"minecraft:azalea":18,"minecraft:light_gray_wool":3,"minecraft:chest":2,"minecraft:sugar_cane":47,"minecraft:egg":2,"minecraft:raw_copper_block":4,"minecraft:furnace":1,"minecraft:raw_iron":78,"minecraft:stick":37,"minecraft:torch":213,"minecraft:spruce_fence":1,"minecraft:porkchop":16,"minecraft:diorite":51,"minecraft:stone_sword":3,"minecraft:arrow":7,"minecraft:rotten_flesh":10,"minecraft:tropical_fish":6,"minecraft:mutton":67,"minecraft:glow_berries":5,"minecraft:white_wool":32,"minecraft:cobblestone":896,"minecraft:feather":23,"minecraft:andesite":85,"minecraft:salmon":55,"minecraft:brown_wool":1,"minecraft:leather":16,"minecraft:flint":1,"minecraft:gunpowder":3,"minecraft:cobblestone_stairs":2,"minecraft:lapis_lazuli":17,"minecraft:dirt":213,"minecraft:blue_bed":6,"minecraft:bone":3,"minecraft:wheat_seeds":25,"minecraft:iron_ingot":1,"minecraft:stone_pickaxe":5,"minecraft:moss_block":136,"minecraft:flowering_azalea":4,"minecraft:cooked_porkchop":3,"minecraft:sweet_berries":190,"minecraft:gravel":22,"minecraft:sand":3,"minecraft:spruce_sapling":17,"minecraft:blast_furnace":3,"minecraft:ink_sac":3,"minecraft:white_bed":24,"minecraft:spruce_log":115,"minecraft:spider_eye":1,"minecraft:mossy_cobblestone":36,"minecraft:spruce_boat":8,"minecraft:stone_axe":2,"minecraft:granite":63,"minecraft:bone_meal":6,"minecraft:gray_wool":3,"minecraft:jack_o_lantern":1,"minecraft:coal":371},"minecraft:killed":{"minecraft:spider":2,"minecraft:skeleton":6,"minecraft:chicken":12,"minecraft:drowned":2,"minecraft:pig":7,"minecraft:salmon":23,"minecraft:creeper":1,"minecraft:sheep":35,"minecraft:zombie":3,"minecraft:cow":19},"minecraft:crafted":{"minecraft:cooked_chicken":10,"minecraft:furnace":5,"minecraft:spruce_fence":36,"minecraft:raw_copper_block":4,"minecraft:cooked_mutton":12,"minecraft:iron_boots":1,"minecraft:ladder":36,"minecraft:stone_pickaxe":13,"minecraft:chest":4,"minecraft:spruce_boat":2,"minecraft:cooked_beef":2,"minecraft:cooked_porkchop":10,"minecraft:crafting_table":4,"minecraft:spruce_planks":330,"minecraft:wooden_pickaxe":1,"minecraft:iron_sword":1,"minecraft:stone_axe":1,"minecraft:shield":2,"minecraft:stick":224,"minecraft:iron_ingot":76,"minecraft:stone_sword":2,"minecraft:iron_leggings":1,"minecraft:white_bed":7,"minecraft:torch":244},"minecraft:custom":{"minecraft:mob_kills":112,"minecraft:interact_with_crafting_table":56,"minecraft:leave_game":3,"minecraft:time_since_death":257659,"minecraft:climb_one_cm":38338,"minecraft:sprint_one_cm":472113,"minecraft:walk_one_cm":1298120,"minecraft:damage_blocked_by_shield":55,"minecraft:drop":145,"minecraft:play_time":376231,"minecraft:deaths":3,"minecraft:walk_under_water_one_cm":62632,"minecraft:boat_one_cm":511885,"minecraft:jump":2835,"minecraft:interact_with_blast_furnace":8,"minecraft:walk_on_water_one_cm":116207,"minecraft:total_world_time":376231,"minecraft:interact_with_furnace":24,"minecraft:sleep_in_bed":23,"minecraft:time_since_rest":12401,"minecraft:damage_taken":1865,"minecraft:damage_dealt":9635,"minecraft:swim_one_cm":39968,"minecraft:fly_one_cm":84928,"minecraft:open_chest":50,"minecraft:fall_one_cm":34782},"minecraft:broken":{"minecraft:stone_sword":1,"minecraft:wooden_pickaxe":1,"minecraft:stone_pickaxe":12,"minecraft:stone_axe":1},"minecraft:dropped":{"minecraft:moss_block":72,"minecraft:brown_mushroom":5,"minecraft:wheat_seeds":22,"minecraft:mossy_cobblestone":36,"minecraft:feather":9,"minecraft:cobblestone":1,"minecraft:granite":63,"minecraft:stick":27,"minecraft:cobblestone_stairs":2,"minecraft:flint":1,"minecraft:dirt":18,"minecraft:gray_wool":2,"minecraft:diorite":51,"minecraft:torch":1,"minecraft:map":1,"minecraft:paper":5,"minecraft:spruce_sapling":1,"minecraft:gravel":13,"minecraft:moss_carpet":33,"minecraft:sweet_berries":2,"minecraft:raw_copper":2,"minecraft:white_bed":3,"minecraft:andesite":85,"minecraft:azalea":18,"minecraft:ladder":5,"minecraft:arrow":2,"minecraft:stone_pickaxe":1},"minecraft:killed_by":{"minecraft:creeper":1,"minecraft:skeleton":2}},"DataVersion":3953}