{"stats":{"minecraft:used":{"minecraft:stone_sword":88,"minecraft:stone_pickaxe":399,"minecraft:chest":4,"minecraft:wooden_pickaxe":59,"minecraft:cooked_chicken":4,"minecraft:salmon":4,"minecraft:torch":94,"minecraft:dirt":103,"minecraft:mutton":4,"minecraft:crafting_table":5,"minecraft:white_bed":11,"minecraft:spruce_boat":1,"minecraft:chicken":2,"minecraft:stone_axe":92,"minecraft:cobblestone":55,"minecraft:sweet_berries":14,"minecraft:furnace":4,"minecraft:cooked_beef":2},"minecraft:mined":{"minecraft:white_bed":10,"minecraft:crafting_table":3,"minecraft:torch":7,"minecraft:short_grass":3,"minecraft:grass_block":59,"minecraft:chest":2,"minecraft:tall_grass":4,"minecraft:cobblestone":6,"minecraft:copper_ore":13,"minecraft:spruce_leaves":56,"minecraft:lapis_ore":3,"minecraft:sugar_cane":8,"minecraft:wall_torch":5,"minecraft:large_fern":17,"minecraft:seagrass":2,"minecraft:tall_seagrass":2,"minecraft:furnace":1,"minecraft:iron_ore":7,"minecraft:sweet_berry_bush":3,"minecraft:spruce_log":57,"minecraft:coal_ore":193,"minecraft:dirt":63,"minecraft:sand":1,"minecraft:stone":180,"minecraft:fern":7},"minecraft:picked_up":{"minecraft:crafting_table":5,"minecraft:feather":17,"minecraft:chicken":16,"minecraft:salmon":55,"minecraft:brown_wool":1,"minecraft:leather":11,"minecraft:brown_mushroom":4,"minecraft:gunpowder":3,"minecraft:lapis_lazuli":17,"minecraft:dirt":194,"minecraft:raw_copper":46,"minecraft:bone":2,"minecraft:wheat_seeds":4,"minecraft:spruce_planks":1,"minecraft:beef":34,"minecraft:stone_pickaxe":4,"minecraft:light_gray_wool":3,"minecraft:chest":2,"minecraft:sugar_cane":47,"minecraft:furnace":1,"minecraft:raw_copper_block":4,"minecraft:egg":2,"minecraft:stick":29,"minecraft:raw_iron":9,"minecraft:sweet_berries":72,"minecraft:torch":201,"minecraft:porkchop":6,"minecraft:sand":3,"minecraft:spruce_sapling":16,"minecraft:ink_sac":3,"minecraft:white_bed":11,"minecraft:spruce_log":68,"minecraft:stone_sword":3,"minecraft:arrow":6,"minecraft:rotten_flesh":8,"minecraft:stone_axe":2,"minecraft:spruce_boat":3,"minecraft:bone_meal":6,"minecraft:gray_wool":1,"minecraft:mutton":55,"minecraft:coal":201,"minecraft:white_wool":25,"minecraft:cobblestone":304},"minecraft:killed":{"minecraft:pig":1,"minecraft:salmon":23,"minecraft:spider":1,"minecraft:creeper":1,"minecraft:sheep":26,"minecraft:skeleton":4,"minecraft:zombie":2,"minecraft:chicken":12,"minecraft:drowned":2,"minecraft:cow":8},"minecraft:custom":{"minecraft:interact_with_furnace":13,"minecraft:mob_kills":81,"minecraft:interact_with_crafting_table":16,"minecraft:leave_game":2,"minecraft:time_since_death":48171,"minecraft:sleep_in_bed":10,"minecraft:time_since_rest":1876,"minecraft:sprint_one_cm":247301,"minecraft:damage_taken":1205,"minecraft:walk_one_cm":578449,"minecraft:drop":7,"minecraft:damage_dealt":6270,"minecraft:swim_one_cm":20483,"minecraft:fly_one_cm":43617,"minecraft:open_chest":9,"minecraft:play_time":166743,"minecraft:deaths":3,"minecraft:walk_under_water_one_cm":59739,"minecraft:boat_one_cm":168838,"minecraft:jump":1417,"minecraft:walk_on_water_one_cm":94440,"minecraft:total_world_time":166743,"minecraft:fall_one_cm":11820},"minecraft:crafted":{"minecraft:cooked_beef":2,"minecraft:crafting_table":3,"minecraft:spruce_planks":116,"minecraft:wooden_pickaxe":1,"minecraft:cooked_chicken":7,"minecraft:furnace":3,"minecraft:stone_axe":1,"minecraft:raw_copper_block":4,"minecraft:stick":78,"minecraft:iron_ingot":7,"minecraft:stone_pickaxe":5,"minecraft:stone_sword":2,"minecraft:chest":2,"minecraft:white_bed":2,"minecraft:spruce_boat":1,"minecraft:torch":192},"minecraft:broken":{"minecraft:stone_pickaxe":2,"minecraft:stone_axe":1,"minecraft:wooden_pickaxe":1},"minecraft:dropped":{"minecraft:sweet_berries":2,"minecraft:brown_mushroom":2,"minecraft:stick":1,"minecraft:dirt":1,"minecraft:torch":1},"minecraft:killed_by":{"minecraft:skeleton":2,"minecraft:creeper":1}},"DataVersion":3953}