{"stats":{"minecraft:used":{"minecraft:dirt":2,"minecraft:mutton":2,"minecraft:crafting_table":1,"minecraft:white_bed":2},"minecraft:picked_up":{"minecraft:stick":3,"minecraft:salmon":14,"minecraft:spruce_sapling":4,"minecraft:ink_sac":1,"minecraft:white_bed":2,"minecraft:spruce_log":14,"minecraft:dirt":6,"minecraft:rotten_flesh":2,"minecraft:bone_meal":1,"minecraft:sugar_cane":5,"minecraft:mutton":4,"minecraft:white_wool":3},"minecraft:mined":{"minecraft:large_fern":14,"minecraft:seagrass":1,"minecraft:white_bed":2,"minecraft:spruce_log":14,"minecraft:grass_block":6,"minecraft:dirt":1,"minecraft:spruce_leaves":11,"minecraft:sugar_cane":2,"minecraft:fern":3},"minecraft:crafted":{"minecraft:crafting_table":2,"minecraft:spruce_planks":16,"minecraft:white_bed":1,"minecraft:spruce_boat":1},"minecraft:killed":{"minecraft:sheep":3,"minecraft:salmon":14,"minecraft:drowned":1},"minecraft:custom":{"minecraft:time_since_rest":6782,"minecraft:sprint_one_cm":12934,"minecraft:damage_taken":50,"minecraft:walk_one_cm":88720,"minecraft:mob_kills":18,"minecraft:damage_dealt":922,"minecraft:swim_one_cm":9954,"minecraft:interact_with_crafting_table":3,"minecraft:fly_one_cm":2002,"minecraft:play_time":29011,"minecraft:walk_under_water_one_cm":47224,"minecraft:jump":185,"minecraft:walk_on_water_one_cm":47478,"minecraft:time_since_death":29011,"minecraft:sleep_in_bed":2,"minecraft:total_world_time":29011,"minecraft:fall_one_cm":2475}},"DataVersion":3953}