{"stats":{"minecraft:used":{"minecraft:dirt":1},"minecraft:picked_up":{"minecraft:stick":1,"minecraft:spruce_sapling":1,"minecraft:spruce_log":7,"minecraft:dirt":1},"minecraft:mined":{"minecraft:spruce_log":7,"minecraft:grass_block":1,"minecraft:spruce_leaves":8,"minecraft:dirt":1},"minecraft:crafted":{"minecraft:crafting_table":1,"minecraft:spruce_planks":4},"minecraft:custom":{"minecraft:jump":36,"minecraft:time_since_rest":5011,"minecraft:play_time":5011,"minecraft:walk_on_water_one_cm":3932,"minecraft:time_since_death":5011,"minecraft:walk_one_cm":16064,"minecraft:total_world_time":5011,"minecraft:fall_one_cm":476}},"DataVersion":3953}