{"stats":{"minecraft:used":{"minecraft:stone_sword":4,"minecraft:stone_pickaxe":155,"minecraft:chest":4,"minecraft:wooden_pickaxe":59,"minecraft:salmon":4,"minecraft:torch":33,"minecraft:dirt":67,"minecraft:mutton":4,"minecraft:crafting_table":4,"minecraft:white_bed":7,"minecraft:spruce_boat":1,"minecraft:stone_axe":10,"minecraft:cobblestone":9},"minecraft:mined":{"minecraft:white_bed":6,"minecraft:crafting_table":2,"minecraft:short_grass":1,"minecraft:grass_block":53,"minecraft:chest":2,"minecraft:copper_ore":13,"minecraft:cobblestone":3,"minecraft:spruce_leaves":40,"minecraft:sugar_cane":5,"minecraft:large_fern":14,"minecraft:seagrass":2,"minecraft:tall_seagrass":1,"minecraft:iron_ore":1,"minecraft:sweet_berry_bush":2,"minecraft:spruce_log":30,"minecraft:coal_ore":54,"minecraft:sand":1,"minecraft:dirt":56,"minecraft:stone":100,"minecraft:fern":5},"minecraft:picked_up":{"minecraft:crafting_table":3,"minecraft:salmon":43,"minecraft:brown_mushroom":1,"minecraft:dirt":118,"minecraft:raw_copper":46,"minecraft:wheat_seeds":2,"minecraft:sugar_cane":39,"minecraft:chest":2,"minecraft:raw_copper_block":4,"minecraft:stick":9,"minecraft:raw_iron":2,"minecraft:sweet_berries":27,"minecraft:sand":3,"minecraft:spruce_sapling":13,"minecraft:ink_sac":3,"minecraft:white_bed":6,"minecraft:spruce_log":40,"minecraft:rotten_flesh":6,"minecraft:spruce_boat":3,"minecraft:bone_meal":6,"minecraft:mutton":4,"minecraft:coal":54,"minecraft:white_wool":3,"minecraft:cobblestone":97},"minecraft:killed":{"minecraft:salmon":17,"minecraft:spider":1,"minecraft:sheep":3,"minecraft:drowned":1},"minecraft:crafted":{"minecraft:crafting_table":2,"minecraft:spruce_planks":108,"minecraft:wooden_pickaxe":1,"minecraft:stone_axe":1,"minecraft:raw_copper_block":4,"minecraft:stick":78,"minecraft:stone_pickaxe":2,"minecraft:stone_sword":1,"minecraft:chest":2,"minecraft:white_bed":1,"minecraft:spruce_boat":1,"minecraft:torch":104},"minecraft:custom":{"minecraft:mob_kills":22,"minecraft:interact_with_crafting_table":8,"minecraft:leave_game":1,"minecraft:time_since_death":39265,"minecraft:sleep_in_bed":5,"minecraft:time_since_rest":8245,"minecraft:sprint_one_cm":41445,"minecraft:damage_taken":415,"minecraft:walk_one_cm":260712,"minecraft:drop":1,"minecraft:damage_dealt":1282,"minecraft:swim_one_cm":9954,"minecraft:fly_one_cm":9417,"minecraft:open_chest":3,"minecraft:play_time":82847,"minecraft:deaths":1,"minecraft:walk_under_water_one_cm":51254,"minecraft:boat_one_cm":168838,"minecraft:jump":565,"minecraft:walk_on_water_one_cm":59179,"minecraft:total_world_time":82847,"minecraft:fall_one_cm":4784},"minecraft:broken":{"minecraft:stone_pickaxe":1,"minecraft:wooden_pickaxe":1},"minecraft:dropped":{"minecraft:stick":1},"minecraft:killed_by":{"minecraft:skeleton":1}},"DataVersion":3953}