{"stats":{"minecraft:custom":{"minecraft:time_since_rest":4801,"minecraft:interact_with_furnace":9,"minecraft:sprint_one_cm":20264,"minecraft:damage_taken":405,"minecraft:walk_one_cm":148459,"minecraft:mob_kills":6,"minecraft:drop":3,"minecraft:damage_dealt":429,"minecraft:interact_with_crafting_table":5,"minecraft:swim_one_cm":6152,"minecraft:interact_with_cartography_table":1,"minecraft:fly_one_cm":18522,"minecraft:open_chest":8,"minecraft:crouch_one_cm":402,"minecraft:play_time":25696,"minecraft:sneak_time":799,"minecraft:walk_under_water_one_cm":466,"minecraft:jump":608,"minecraft:leave_game":1,"minecraft:walk_on_water_one_cm":602,"minecraft:time_since_death":25696,"minecraft:sleep_in_bed":2,"minecraft:total_world_time":25696,"minecraft:climb_one_cm":355,"minecraft:fall_one_cm":15251},"minecraft:crafted":{"minecraft:spruce_planks":24,"minecraft:stick":8,"minecraft:cooked_chicken":1,"minecraft:iron_ingot":3,"minecraft:wooden_pickaxe":1,"minecraft:stone_pickaxe":1,"minecraft:stone_sword":1,"minecraft:furnace":1,"minecraft:torch":4,"minecraft:stone_axe":1,"minecraft:air":0,"minecraft:cooked_mutton":3},"minecraft:picked_up":{"minecraft:raw_iron":13,"minecraft:crafting_table":3,"minecraft:feather":3,"minecraft:chicken":3,"minecraft:pumpkin":6,"minecraft:wooden_pickaxe":2,"minecraft:oak_log":17,"minecraft:white_bed":3,"minecraft:spruce_log":6,"minecraft:dirt":15,"minecraft:raw_copper":65,"minecraft:wheat_seeds":1,"minecraft:mutton":3,"minecraft:coal":10,"minecraft:white_wool":3,"minecraft:cobblestone":28,"minecraft:furnace":2},"minecraft:mined":{"minecraft:large_fern":2,"minecraft:white_bed":3,"minecraft:furnace":2,"minecraft:iron_ore":14,"minecraft:spruce_log":6,"minecraft:pumpkin":6,"minecraft:crafting_table":3,"minecraft:oak_log":17,"minecraft:grass_block":1,"minecraft:coal_ore":10,"minecraft:dirt":15,"minecraft:copper_ore":20,"minecraft:spruce_leaves":5,"minecraft:stone":38,"minecraft:oak_leaves":6},"minecraft:dropped":{"minecraft:wooden_pickaxe":3},"minecraft:killed":{"minecraft:sheep":3,"minecraft:chicken":3},"minecraft:used":{"minecraft:cooked_mutton":3,"minecraft:stone_sword":15,"minecraft:stone_pickaxe":67,"minecraft:wooden_pickaxe":20,"minecraft:cooked_chicken":1,"minecraft:stone_axe":35,"minecraft:torch":1,"minecraft:dirt":15,"minecraft:crafting_table":1,"minecraft:furnace":3,"minecraft:white_bed":3}},"DataVersion":3953}