{"stats":{"minecraft:crafted":{"minecraft:iron_chestplate":1,"minecraft:spruce_planks":24,"minecraft:iron_ingot":9,"minecraft:stick":12,"minecraft:iron_pickaxe":1,"minecraft:cooked_chicken":3,"minecraft:wooden_pickaxe":1,"minecraft:stone_pickaxe":1,"minecraft:stone_sword":1,"minecraft:furnace":1,"minecraft:torch":4,"minecraft:stone_axe":1,"minecraft:air":0,"minecraft:cooked_mutton":9},"minecraft:dropped":{"minecraft:stone_pickaxe":1,"minecraft:wooden_pickaxe":3},"minecraft:used":{"minecraft:cooked_mutton":6,"minecraft:stone_sword":44,"minecraft:stone_pickaxe":107,"minecraft:iron_pickaxe":1,"minecraft:wooden_pickaxe":20,"minecraft:cooked_chicken":3,"minecraft:stone_axe":36,"minecraft:torch":2,"minecraft:dirt":21,"minecraft:cobblestone":32,"minecraft:crafting_table":2,"minecraft:furnace":4,"minecraft:white_bed":5},"minecraft:killed":{"minecraft:sheep":7,"minecraft:zombie":1,"minecraft:pig":1,"minecraft:chicken":4,"minecraft:cow":3},"minecraft:custom":{"minecraft:time_since_rest":95,"minecraft:interact_with_furnace":29,"minecraft:sprint_one_cm":100626,"minecraft:damage_taken":543,"minecraft:walk_one_cm":220095,"minecraft:mob_kills":16,"minecraft:drop":4,"minecraft:damage_dealt":1338,"minecraft:interact_with_crafting_table":8,"minecraft:swim_one_cm":17653,"minecraft:interact_with_cartography_table":1,"minecraft:fly_one_cm":66120,"minecraft:open_chest":11,"minecraft:crouch_one_cm":529,"minecraft:play_time":44793,"minecraft:sneak_time":919,"minecraft:walk_under_water_one_cm":5620,"minecraft:jump":958,"minecraft:leave_game":6,"minecraft:walk_on_water_one_cm":5457,"minecraft:time_since_death":44793,"minecraft:sleep_in_bed":4,"minecraft:total_world_time":44793,"minecraft:climb_one_cm":355,"minecraft:fall_one_cm":21193},"minecraft:picked_up":{"minecraft:raw_iron":19,"minecraft:crafting_table":4,"minecraft:feather":4,"minecraft:chicken":4,"minecraft:pumpkin":6,"minecraft:leather":3,"minecraft:wooden_pickaxe":2,"minecraft:porkchop":2,"minecraft:oak_log":17,"minecraft:white_bed":4,"minecraft:spruce_log":6,"minecraft:dirt":21,"minecraft:raw_copper":65,"minecraft:wheat_seeds":1,"minecraft:iron_ingot":4,"minecraft:beef":8,"minecraft:mutton":9,"minecraft:coal":20,"minecraft:white_wool":7,"minecraft:cobblestone":48,"minecraft:furnace":4},"minecraft:mined":{"minecraft:large_fern":2,"minecraft:white_bed":4,"minecraft:furnace":4,"minecraft:iron_ore":20,"minecraft:spruce_log":6,"minecraft:pumpkin":6,"minecraft:crafting_table":4,"minecraft:oak_log":17,"minecraft:grass_block":7,"minecraft:coal_ore":20,"minecraft:dirt":15,"minecraft:copper_ore":20,"minecraft:spruce_leaves":6,"minecraft:stone":61,"minecraft:oak_leaves":6}},"DataVersion":3953}