{"stats":{"minecraft:crafted":{"minecraft:spruce_planks":24,"minecraft:stick":8,"minecraft:wooden_pickaxe":1,"minecraft:stone_pickaxe":1,"minecraft:stone_sword":1,"minecraft:furnace":1,"minecraft:torch":4,"minecraft:stone_axe":1,"minecraft:air":0,"minecraft:cooked_mutton":3},"minecraft:dropped":{"minecraft:wooden_pickaxe":3},"minecraft:used":{"minecraft:cooked_mutton":2,"minecraft:stone_sword":9,"minecraft:stone_pickaxe":43,"minecraft:wooden_pickaxe":20,"minecraft:torch":1,"minecraft:stone_axe":26,"minecraft:dirt":5,"minecraft:crafting_table":1,"minecraft:furnace":2,"minecraft:white_bed":2},"minecraft:killed":{"minecraft:sheep":3,"minecraft:chicken":3},"minecraft:custom":{"minecraft:time_since_rest":9384,"minecraft:interact_with_furnace":5,"minecraft:sprint_one_cm":9653,"minecraft:damage_taken":150,"minecraft:walk_one_cm":128212,"minecraft:mob_kills":6,"minecraft:drop":3,"minecraft:damage_dealt":360,"minecraft:interact_with_cartography_table":1,"minecraft:swim_one_cm":6152,"minecraft:interact_with_crafting_table":5,"minecraft:fly_one_cm":8592,"minecraft:open_chest":8,"minecraft:crouch_one_cm":85,"minecraft:play_time":20188,"minecraft:sneak_time":671,"minecraft:walk_under_water_one_cm":466,"minecraft:jump":477,"minecraft:time_since_death":20188,"minecraft:leave_game":1,"minecraft:walk_on_water_one_cm":602,"minecraft:sleep_in_bed":1,"minecraft:climb_one_cm":355,"minecraft:total_world_time":20188,"minecraft:fall_one_cm":11732},"minecraft:picked_up":{"minecraft:raw_iron":10,"minecraft:crafting_table":2,"minecraft:feather":3,"minecraft:chicken":3,"minecraft:pumpkin":6,"minecraft:wooden_pickaxe":2,"minecraft:oak_log":11,"minecraft:white_bed":2,"minecraft:spruce_log":6,"minecraft:dirt":14,"minecraft:raw_copper":18,"minecraft:wheat_seeds":1,"minecraft:mutton":3,"minecraft:coal":10,"minecraft:white_wool":3,"minecraft:cobblestone":26,"minecraft:furnace":1},"minecraft:mined":{"minecraft:large_fern":2,"minecraft:white_bed":2,"minecraft:furnace":1,"minecraft:iron_ore":11,"minecraft:spruce_log":6,"minecraft:pumpkin":6,"minecraft:crafting_table":2,"minecraft:coal_ore":10,"minecraft:grass_block":1,"minecraft:oak_log":11,"minecraft:dirt":14,"minecraft:copper_ore":5,"minecraft:spruce_leaves":4,"minecraft:stone":33,"minecraft:oak_leaves":6}},"DataVersion":3953}