{"stats":{"minecraft:custom":{"minecraft:time_since_rest":3114,"minecraft:interact_with_furnace":29,"minecraft:sprint_one_cm":61914,"minecraft:damage_taken":535,"minecraft:walk_one_cm":186508,"minecraft:mob_kills":12,"minecraft:drop":4,"minecraft:damage_dealt":938,"minecraft:interact_with_crafting_table":8,"minecraft:swim_one_cm":11797,"minecraft:interact_with_cartography_table":1,"minecraft:fly_one_cm":42639,"minecraft:open_chest":8,"minecraft:crouch_one_cm":402,"minecraft:play_time":36674,"minecraft:sneak_time":804,"minecraft:walk_under_water_one_cm":1280,"minecraft:jump":809,"minecraft:leave_game":4,"minecraft:walk_on_water_one_cm":2111,"minecraft:time_since_death":36674,"minecraft:sleep_in_bed":3,"minecraft:total_world_time":36674,"minecraft:climb_one_cm":355,"minecraft:fall_one_cm":19612},"minecraft:crafted":{"minecraft:iron_chestplate":1,"minecraft:iron_pickaxe":1,"minecraft:spruce_planks":24,"minecraft:stick":12,"minecraft:wooden_pickaxe":1,"minecraft:cooked_chicken":3,"minecraft:iron_ingot":9,"minecraft:stone_pickaxe":1,"minecraft:stone_sword":1,"minecraft:furnace":1,"minecraft:torch":4,"minecraft:stone_axe":1,"minecraft:air":0,"minecraft:cooked_mutton":9},"minecraft:picked_up":{"minecraft:raw_iron":19,"minecraft:crafting_table":4,"minecraft:feather":4,"minecraft:chicken":4,"minecraft:pumpkin":6,"minecraft:wooden_pickaxe":2,"minecraft:oak_log":17,"minecraft:white_bed":4,"minecraft:spruce_log":6,"minecraft:dirt":15,"minecraft:raw_copper":65,"minecraft:wheat_seeds":1,"minecraft:iron_ingot":4,"minecraft:mutton":9,"minecraft:coal":20,"minecraft:white_wool":7,"minecraft:cobblestone":48,"minecraft:furnace":4},"minecraft:mined":{"minecraft:large_fern":2,"minecraft:white_bed":4,"minecraft:furnace":4,"minecraft:iron_ore":20,"minecraft:spruce_log":6,"minecraft:pumpkin":6,"minecraft:crafting_table":4,"minecraft:oak_log":17,"minecraft:grass_block":1,"minecraft:coal_ore":20,"minecraft:dirt":15,"minecraft:copper_ore":20,"minecraft:spruce_leaves":6,"minecraft:stone":61,"minecraft:oak_leaves":6},"minecraft:dropped":{"minecraft:stone_pickaxe":1,"minecraft:wooden_pickaxe":3},"minecraft:killed":{"minecraft:sheep":7,"minecraft:zombie":1,"minecraft:chicken":4},"minecraft:used":{"minecraft:cooked_mutton":4,"minecraft:stone_sword":32,"minecraft:stone_pickaxe":107,"minecraft:iron_pickaxe":1,"minecraft:wooden_pickaxe":20,"minecraft:cooked_chicken":3,"minecraft:stone_axe":36,"minecraft:torch":2,"minecraft:dirt":15,"minecraft:crafting_table":2,"minecraft:furnace":4,"minecraft:white_bed":4}},"DataVersion":3953}