{"stats":{"minecraft:crafted":{"minecraft:stone_sword":1,"minecraft:stone_axe":1,"minecraft:spruce_planks":24,"minecraft:stick":8,"minecraft:stone_pickaxe":1,"minecraft:wooden_pickaxe":1},"minecraft:dropped":{"minecraft:wooden_pickaxe":3},"minecraft:used":{"minecraft:stone_axe":14,"minecraft:dirt":1,"minecraft:stone_pickaxe":2,"minecraft:wooden_pickaxe":20},"minecraft:custom":{"minecraft:time_since_rest":8188,"minecraft:open_chest":1,"minecraft:crouch_one_cm":34,"minecraft:sprint_one_cm":8647,"minecraft:play_time":8188,"minecraft:damage_taken":50,"minecraft:walk_one_cm":40317,"minecraft:sneak_time":519,"minecraft:walk_under_water_one_cm":466,"minecraft:drop":3,"minecraft:jump":209,"minecraft:walk_on_water_one_cm":602,"minecraft:leave_game":1,"minecraft:time_since_death":8188,"minecraft:total_world_time":8188,"minecraft:swim_one_cm":6152,"minecraft:interact_with_crafting_table":3,"minecraft:fall_one_cm":4606,"minecraft:fly_one_cm":7003},"minecraft:picked_up":{"minecraft:crafting_table":1,"minecraft:wooden_pickaxe":2,"minecraft:oak_log":11,"minecraft:spruce_log":6,"minecraft:coal":10,"minecraft:dirt":1,"minecraft:cobblestone":9},"minecraft:mined":{"minecraft:oak_log":11,"minecraft:grass_block":1,"minecraft:coal_ore":10,"minecraft:spruce_leaves":4,"minecraft:spruce_log":6,"minecraft:stone":9,"minecraft:oak_leaves":2,"minecraft:crafting_table":1}},"DataVersion":3953}